{
  "canary-read-schema": {
    "data": {
      "5": 5000,
      "6": 5000,
      "7": 27000,
      "8": 5000,
      "10": 26000,
      "11": 5000,
      "12": 29000,
      "13": 5000,
      "14": 25000,
      "15": 29000,
      "16": 27000,
      "17": 27000,
      "18": 26000,
      "19": 26000,
      "20": 30000,
      "27": 19000,
      "28": 6000,
      "29": 25000,
      "30": 58000,
      "32": 5000,
      "33": 5000,
      "34": 32000,
      "37": 6000,
      "38": 5000,
      "39": 27000,
      "43": 26000,
      "51": 5000,
      "52": 6000,
      "53": 5000,
      "60": 5000
    },
    "mean": 17733.333333333332,
    "median": 22000.0,
    "variance": 171662222.2222222,
    "standard_deviation": 13101.99306297413,
    "percentile_50": 22000.0,
    "percentile_75": 27000.0,
    "percentile_90": 29100.0,
    "percentile_95": 31099.999999999993,
    "percentile_99": 50460.00000000002
  },
  "canary-read-schema-mgmt": {
    "data": {
      "5": 5000,
      "6": 5000,
      "7": 9000,
      "8": 4000,
      "10": 28000,
      "11": 10000,
      "12": 8000,
      "13": 5000,
      "14": 9000,
      "15": 8000,
      "16": 13000,
      "17": 9000,
      "18": 28000,
      "19": 9000,
      "20": 9000,
      "27": 5000,
      "28": 5000,
      "29": 27000,
      "30": 10000,
      "32": 5000,
      "33": 5000,
      "34": 11000,
      "37": 7000,
      "38": 5000,
      "39": 9000,
      "43": 9000,
      "51": 6000,
      "52": 4000,
      "53": 5000,
      "60": 5000
    },
    "mean": 9233.333333333334,
    "median": 8000.0,
    "variance": 43045555.555555545,
    "standard_deviation": 6560.91118333083,
    "percentile_50": 8000.0,
    "percentile_75": 9000.0,
    "percentile_90": 14400.00000000002,
    "percentile_95": 27549.999999999996,
    "percentile_99": 28000.0
  },
  "canary-stream-batch.read": {
    "data": {
      "5": 7000,
      "6": 6000,
      "7": 102000,
      "8": 7000,
      "10": 103000,
      "11": 103000,
      "12": 103000,
      "13": 5000,
      "14": 103000,
      "15": 103000,
      "16": 103000,
      "17": 103000,
      "18": 102000,
      "19": 103000,
      "20": 103000,
      "27": 114000,
      "28": 8000,
      "29": 102000,
      "30": 132000,
      "32": 7000,
      "33": 7000,
      "34": 103000,
      "37": 104000,
      "38": 7000,
      "39": 103000,
      "43": 125000,
      "51": 7000,
      "52": 7000,
      "53": 7000,
      "60": 6000
    },
    "mean": 66500.0,
    "median": 102500.0,
    "variance": 2421916666.6666665,
    "standard_deviation": 49212.97254450971,
    "percentile_50": 102500.0,
    "percentile_75": 103000.0,
    "percentile_90": 105000.00000000001,
    "percentile_95": 120049.99999999997,
    "percentile_99": 129970.0
  },
  "canary-stream-batch.write": {
    "data": {
      "5": 4000,
      "6": 5000,
      "7": 8000,
      "8": 11000,
      "10": 8000,
      "11": 8000,
      "12": 20000,
      "13": 5000,
      "14": 20000,
      "15": 9000,
      "16": 7000,
      "17": 8000,
      "18": 10000,
      "19": 9000,
      "20": 8000,
      "27": 5000,
      "28": 5000,
      "29": 18000,
      "30": 30000,
      "32": 5000,
      "33": 5000,
      "34": 21000,
      "37": 4000,
      "38": 5000,
      "39": 21000,
      "43": 9000,
      "51": 4000,
      "52": 6000,
      "53": 4000,
      "60": 5000
    },
    "mean": 9566.666666666666,
    "median": 8000.0,
    "variance": 43112222.22222222,
    "standard_deviation": 6565.989812832656,
    "percentile_50": 8000.0,
    "percentile_75": 9750.0,
    "percentile_90": 20100.0,
    "percentile_95": 21000.0,
    "percentile_99": 27390.000000000007
  },
  "canary-stream.read": {
    "data": {
      "5": 5000,
      "6": 7000,
      "7": 6000,
      "8": 7000,
      "10": 7000,
      "11": 7000,
      "12": 6000,
      "13": 7000,
      "14": 6000,
      "15": 6000,
      "16": 7000,
      "17": 6000,
      "18": 6000,
      "19": 6000,
      "20": 6000,
      "27": 18000,
      "28": 7000,
      "29": 6000,
      "30": 26000,
      "32": 7000,
      "33": 6000,
      "34": 5000,
      "37": 6000,
      "38": 7000,
      "39": 6000,
      "43": 8000,
      "51": 6000,
      "52": 7000,
      "53": 7000,
      "60": 7000
    },
    "mean": 7466.666666666667,
    "median": 6500.0,
    "variance": 16582222.22222222,
    "standard_deviation": 4072.1274810867867,
    "percentile_50": 6500.0,
    "percentile_75": 7000.0,
    "percentile_90": 7100.000000000002,
    "percentile_95": 13499.99999999997,
    "percentile_99": 23680.000000000007
  },
  "canary-stream-seq.read": {
    "data": {
      "5": 7000,
      "6": 6000,
      "7": 6000,
      "8": 6000,
      "10": 8000,
      "11": 6000,
      "12": 7000,
      "13": 7000,
      "14": 6000,
      "15": 6000,
      "16": 7000,
      "17": 6000,
      "18": 7000,
      "19": 6000,
      "20": 43000,
      "27": 10000,
      "28": 7000,
      "29": 7000,
      "30": 23000,
      "32": 7000,
      "33": 6000,
      "34": 6000,
      "37": 7000,
      "38": 6000,
      "39": 6000,
      "43": 6000,
      "51": 6000,
      "52": 7000,
      "53": 7000,
      "60": 7000
    },
    "mean": 8400.0,
    "median": 7000.0,
    "variance": 50573333.333333336,
    "standard_deviation": 7111.493045298809,
    "percentile_50": 7000.0,
    "percentile_75": 7000.0,
    "percentile_90": 8200.000000000004,
    "percentile_95": 17149.999999999964,
    "percentile_99": 37200.000000000015
  },
  "canary-stream-seq.write": {
    "data": {
      "5": 5000,
      "6": 5000,
      "7": 5000,
      "8": 5000,
      "10": 4000,
      "11": 5000,
      "12": 9000,
      "13": 14000,
      "14": 7000,
      "15": 5000,
      "16": 5000,
      "17": 5000,
      "18": 5000,
      "19": 5000,
      "20": 5000,
      "27": 14000,
      "28": 5000,
      "29": 8000,
      "30": 14000,
      "32": 5000,
      "33": 5000,
      "34": 7000,
      "37": 6000,
      "38": 5000,
      "39": 6000,
      "43": 5000,
      "51": 5000,
      "52": 7000,
      "53": 4000,
      "60": 4000
    },
    "mean": 6300.0,
    "median": 5000.0,
    "variance": 7810000.0,
    "standard_deviation": 2794.637722496424,
    "percentile_50": 5000.0,
    "percentile_75": 6750.0,
    "percentile_90": 9500.000000000007,
    "percentile_95": 14000.0,
    "percentile_99": 14000.0
  }
}