{
  "canary-read-schema": {
    "data": {
      "5": 5000,
      "6": 5000,
      "7": 27000,
      "8": 5000,
      "10": 26000,
      "11": 5000,
      "12": 29000,
      "13": 5000,
      "14": 25000,
      "15": 29000,
      "16": 27000,
      "17": 27000,
      "18": 26000,
      "19": 26000,
      "20": 30000,
      "27": 19000,
      "28": 6000,
      "29": 25000
    },
    "mean": 19277.777777777777,
    "median": 25500.0,
    "variance": 104422839.50617284,
    "standard_deviation": 10218.74941008795,
    "percentile_50": 25500.0,
    "percentile_75": 27000.0,
    "percentile_90": 29000.0,
    "percentile_95": 29150.0,
    "percentile_99": 29830.0
  },
  "canary-read-schema-mgmt": {
    "data": {
      "5": 5000,
      "6": 5000,
      "7": 9000,
      "8": 4000,
      "10": 28000,
      "11": 10000,
      "12": 8000,
      "13": 5000,
      "14": 9000,
      "15": 8000,
      "16": 13000,
      "17": 9000,
      "18": 28000,
      "19": 9000,
      "20": 9000,
      "27": 5000,
      "28": 5000,
      "29": 27000
    },
    "mean": 10888.888888888889,
    "median": 9000.0,
    "variance": 61432098.76543209,
    "standard_deviation": 7837.863150465954,
    "percentile_50": 9000.0,
    "percentile_75": 9750.0,
    "percentile_90": 27300.0,
    "percentile_95": 28000.0,
    "percentile_99": 28000.0
  },
  "canary-stream-batch.read": {
    "data": {
      "5": 7000,
      "6": 6000,
      "7": 102000,
      "8": 7000,
      "10": 103000,
      "11": 103000,
      "12": 103000,
      "13": 5000,
      "14": 103000,
      "15": 103000,
      "16": 103000,
      "17": 103000,
      "18": 102000,
      "19": 103000,
      "20": 103000,
      "27": 114000,
      "28": 8000,
      "29": 102000
    },
    "mean": 76666.66666666667,
    "median": 103000.0,
    "variance": 1895111111.1111107,
    "standard_deviation": 43532.87391283868,
    "percentile_50": 103000.0,
    "percentile_75": 103000.0,
    "percentile_90": 103000.0,
    "percentile_95": 104649.99999999999,
    "percentile_99": 112129.99999999999
  },
  "canary-stream-batch.write": {
    "data": {
      "5": 4000,
      "6": 5000,
      "7": 8000,
      "8": 11000,
      "10": 8000,
      "11": 8000,
      "12": 20000,
      "13": 5000,
      "14": 20000,
      "15": 9000,
      "16": 7000,
      "17": 8000,
      "18": 10000,
      "19": 9000,
      "20": 8000,
      "27": 5000,
      "28": 5000,
      "29": 18000
    },
    "mean": 9333.333333333334,
    "median": 8000.0,
    "variance": 23555555.555555552,
    "standard_deviation": 4853.406592853678,
    "percentile_50": 8000.0,
    "percentile_75": 9750.0,
    "percentile_90": 18600.0,
    "percentile_95": 20000.0,
    "percentile_99": 20000.0
  },
  "canary-stream.read": {
    "data": {
      "5": 5000,
      "6": 7000,
      "7": 6000,
      "8": 7000,
      "10": 7000,
      "11": 7000,
      "12": 6000,
      "13": 7000,
      "14": 6000,
      "15": 6000,
      "16": 7000,
      "17": 6000,
      "18": 6000,
      "19": 6000,
      "20": 6000,
      "27": 18000,
      "28": 7000,
      "29": 6000
    },
    "mean": 7000.0,
    "median": 6000.0,
    "variance": 7444444.444444444,
    "standard_deviation": 2728.450923957483,
    "percentile_50": 6000.0,
    "percentile_75": 7000.0,
    "percentile_90": 7000.0,
    "percentile_95": 8649.999999999984,
    "percentile_99": 16129.999999999982
  },
  "canary-stream-seq.read": {
    "data": {
      "5": 7000,
      "6": 6000,
      "7": 6000,
      "8": 6000,
      "10": 8000,
      "11": 6000,
      "12": 7000,
      "13": 7000,
      "14": 6000,
      "15": 6000,
      "16": 7000,
      "17": 6000,
      "18": 7000,
      "19": 6000,
      "20": 43000,
      "27": 10000,
      "28": 7000,
      "29": 7000
    },
    "mean": 8777.777777777777,
    "median": 7000.0,
    "variance": 69839506.17283951,
    "standard_deviation": 8357.003420655008,
    "percentile_50": 7000.0,
    "percentile_75": 7000.0,
    "percentile_90": 8600.000000000002,
    "percentile_95": 14949.999999999953,
    "percentile_99": 37389.99999999994
  },
  "canary-stream-seq.write": {
    "data": {
      "5": 5000,
      "6": 5000,
      "7": 5000,
      "8": 5000,
      "10": 4000,
      "11": 5000,
      "12": 9000,
      "13": 14000,
      "14": 7000,
      "15": 5000,
      "16": 5000,
      "17": 5000,
      "18": 5000,
      "19": 5000,
      "20": 5000,
      "27": 14000,
      "28": 5000,
      "29": 8000
    },
    "mean": 6444.444444444444,
    "median": 5000.0,
    "variance": 8580246.913580246,
    "standard_deviation": 2929.2058503253484,
    "percentile_50": 5000.0,
    "percentile_75": 6500.0,
    "percentile_90": 10500.000000000004,
    "percentile_95": 14000.0,
    "percentile_99": 14000.0
  }
}