{
  "canary-read-schema": {
    "data": {
      "5": 5000,
      "6": 5000,
      "7": 27000,
      "8": 5000,
      "10": 26000,
      "11": 5000,
      "12": 29000,
      "13": 5000,
      "14": 25000,
      "15": 29000,
      "16": 27000,
      "17": 27000,
      "18": 26000,
      "19": 26000
    },
    "mean": 19071.428571428572,
    "median": 26000.0,
    "variance": 111066326.53061225,
    "standard_deviation": 10538.801000617303,
    "percentile_50": 26000.0,
    "percentile_75": 27000.0,
    "percentile_90": 28400.000000000004,
    "percentile_95": 29000.0,
    "percentile_99": 29000.0
  },
  "canary-read-schema-mgmt": {
    "data": {
      "5": 5000,
      "6": 5000,
      "7": 9000,
      "8": 4000,
      "10": 28000,
      "11": 10000,
      "12": 8000,
      "13": 5000,
      "14": 9000,
      "15": 8000,
      "16": 13000,
      "17": 9000,
      "18": 28000,
      "19": 9000
    },
    "mean": 10714.285714285714,
    "median": 9000.0,
    "variance": 55204081.63265306,
    "standard_deviation": 7429.944927969053,
    "percentile_50": 9000.0,
    "percentile_75": 9750.0,
    "percentile_90": 23500.000000000015,
    "percentile_95": 28000.0,
    "percentile_99": 28000.0
  },
  "canary-stream-batch.read": {
    "data": {
      "5": 7000,
      "6": 6000,
      "7": 102000,
      "8": 7000,
      "10": 103000,
      "11": 103000,
      "12": 103000,
      "13": 5000,
      "14": 103000,
      "15": 103000,
      "16": 103000,
      "17": 103000,
      "18": 102000,
      "19": 103000
    },
    "mean": 75214.28571428571,
    "median": 103000.0,
    "variance": 1902739795.9183676,
    "standard_deviation": 43620.40572849326,
    "percentile_50": 103000.0,
    "percentile_75": 103000.0,
    "percentile_90": 103000.0,
    "percentile_95": 103000.0,
    "percentile_99": 103000.0
  },
  "canary-stream-batch.write": {
    "data": {
      "5": 4000,
      "6": 5000,
      "7": 8000,
      "8": 11000,
      "10": 8000,
      "11": 8000,
      "12": 20000,
      "13": 5000,
      "14": 20000,
      "15": 9000,
      "16": 7000,
      "17": 8000,
      "18": 10000,
      "19": 9000
    },
    "mean": 9428.57142857143,
    "median": 8000.0,
    "variance": 22102040.816326536,
    "standard_deviation": 4701.280763401239,
    "percentile_50": 8000.0,
    "percentile_75": 9750.0,
    "percentile_90": 17300.00000000001,
    "percentile_95": 20000.0,
    "percentile_99": 20000.0
  },
  "canary-stream.read": {
    "data": {
      "5": 5000,
      "6": 7000,
      "7": 6000,
      "8": 7000,
      "10": 7000,
      "11": 7000,
      "12": 6000,
      "13": 7000,
      "14": 6000,
      "15": 6000,
      "16": 7000,
      "17": 6000,
      "18": 6000,
      "19": 6000
    },
    "mean": 6357.142857142857,
    "median": 6000.0,
    "variance": 372448.9795918366,
    "standard_deviation": 610.285981808395,
    "percentile_50": 6000.0,
    "percentile_75": 7000.0,
    "percentile_90": 7000.0,
    "percentile_95": 7000.0,
    "percentile_99": 7000.0
  },
  "canary-stream-seq.read": {
    "data": {
      "5": 7000,
      "6": 6000,
      "7": 6000,
      "8": 6000,
      "10": 8000,
      "11": 6000,
      "12": 7000,
      "13": 7000,
      "14": 6000,
      "15": 6000,
      "16": 7000,
      "17": 6000,
      "18": 7000,
      "19": 6000
    },
    "mean": 6500.0,
    "median": 6000.0,
    "variance": 392857.14285714284,
    "standard_deviation": 626.7831705280087,
    "percentile_50": 6000.0,
    "percentile_75": 7000.0,
    "percentile_90": 7000.0,
    "percentile_95": 7350.0,
    "percentile_99": 7869.999999999999
  },
  "canary-stream-seq.write": {
    "data": {
      "5": 5000,
      "6": 5000,
      "7": 5000,
      "8": 5000,
      "10": 4000,
      "11": 5000,
      "12": 9000,
      "13": 14000,
      "14": 7000,
      "15": 5000,
      "16": 5000,
      "17": 5000,
      "18": 5000,
      "19": 5000
    },
    "mean": 6000.0,
    "median": 5000.0,
    "variance": 6285714.285714285,
    "standard_deviation": 2507.1326821120347,
    "percentile_50": 5000.0,
    "percentile_75": 5000.0,
    "percentile_90": 8400.000000000002,
    "percentile_95": 10749.999999999998,
    "percentile_99": 13349.999999999996
  }
}