{
  "canary-read-schema": {
    "data": {
      "5": 5000,
      "6": 5000,
      "7": 27000,
      "8": 5000,
      "10": 26000,
      "11": 5000,
      "12": 29000,
      "13": 5000,
      "14": 25000,
      "15": 29000,
      "16": 27000,
      "17": 27000,
      "18": 26000,
      "19": 26000,
      "20": 30000
    },
    "mean": 19800.0,
    "median": 26000.0,
    "variance": 111093333.33333333,
    "standard_deviation": 10540.082226118226,
    "percentile_50": 26000.0,
    "percentile_75": 27000.0,
    "percentile_90": 29000.0,
    "percentile_95": 29300.0,
    "percentile_99": 29860.0
  },
  "canary-read-schema-mgmt": {
    "data": {
      "5": 5000,
      "6": 5000,
      "7": 9000,
      "8": 4000,
      "10": 28000,
      "11": 10000,
      "12": 8000,
      "13": 5000,
      "14": 9000,
      "15": 8000,
      "16": 13000,
      "17": 9000,
      "18": 28000,
      "19": 9000,
      "20": 9000
    },
    "mean": 10600.0,
    "median": 9000.0,
    "variance": 51706666.666666664,
    "standard_deviation": 7190.734779330041,
    "percentile_50": 9000.0,
    "percentile_75": 9500.0,
    "percentile_90": 21999.999999999993,
    "percentile_95": 28000.0,
    "percentile_99": 28000.0
  },
  "canary-stream-batch.read": {
    "data": {
      "5": 7000,
      "6": 6000,
      "7": 102000,
      "8": 7000,
      "10": 103000,
      "11": 103000,
      "12": 103000,
      "13": 5000,
      "14": 103000,
      "15": 103000,
      "16": 103000,
      "17": 103000,
      "18": 102000,
      "19": 103000,
      "20": 103000
    },
    "mean": 77066.66666666667,
    "median": 103000.0,
    "variance": 1823928888.8888893,
    "standard_deviation": 42707.48047928945,
    "percentile_50": 103000.0,
    "percentile_75": 103000.0,
    "percentile_90": 103000.0,
    "percentile_95": 103000.0,
    "percentile_99": 103000.0
  },
  "canary-stream-batch.write": {
    "data": {
      "5": 4000,
      "6": 5000,
      "7": 8000,
      "8": 11000,
      "10": 8000,
      "11": 8000,
      "12": 20000,
      "13": 5000,
      "14": 20000,
      "15": 9000,
      "16": 7000,
      "17": 8000,
      "18": 10000,
      "19": 9000,
      "20": 8000
    },
    "mean": 9333.333333333334,
    "median": 8000.0,
    "variance": 20755555.55555555,
    "standard_deviation": 4555.826550205303,
    "percentile_50": 8000.0,
    "percentile_75": 9500.0,
    "percentile_90": 16399.999999999996,
    "percentile_95": 20000.0,
    "percentile_99": 20000.0
  },
  "canary-stream.read": {
    "data": {
      "5": 5000,
      "6": 7000,
      "7": 6000,
      "8": 7000,
      "10": 7000,
      "11": 7000,
      "12": 6000,
      "13": 7000,
      "14": 6000,
      "15": 6000,
      "16": 7000,
      "17": 6000,
      "18": 6000,
      "19": 6000,
      "20": 6000
    },
    "mean": 6333.333333333333,
    "median": 6000.0,
    "variance": 355555.5555555557,
    "standard_deviation": 596.284793999944,
    "percentile_50": 6000.0,
    "percentile_75": 7000.0,
    "percentile_90": 7000.0,
    "percentile_95": 7000.0,
    "percentile_99": 7000.0
  },
  "canary-stream-seq.read": {
    "data": {
      "5": 7000,
      "6": 6000,
      "7": 6000,
      "8": 6000,
      "10": 8000,
      "11": 6000,
      "12": 7000,
      "13": 7000,
      "14": 6000,
      "15": 6000,
      "16": 7000,
      "17": 6000,
      "18": 7000,
      "19": 6000,
      "20": 43000
    },
    "mean": 8933.333333333334,
    "median": 6000.0,
    "variance": 83262222.22222222,
    "standard_deviation": 9124.813544518169,
    "percentile_50": 6000.0,
    "percentile_75": 7000.0,
    "percentile_90": 7600.0,
    "percentile_95": 18499.999999999964,
    "percentile_99": 38099.999999999985
  },
  "canary-stream-seq.write": {
    "data": {
      "5": 5000,
      "6": 5000,
      "7": 5000,
      "8": 5000,
      "10": 4000,
      "11": 5000,
      "12": 9000,
      "13": 14000,
      "14": 7000,
      "15": 5000,
      "16": 5000,
      "17": 5000,
      "18": 5000,
      "19": 5000,
      "20": 5000
    },
    "mean": 5933.333333333333,
    "median": 5000.0,
    "variance": 5928888.888888886,
    "standard_deviation": 2434.9309823666226,
    "percentile_50": 5000.0,
    "percentile_75": 5000.0,
    "percentile_90": 8200.0,
    "percentile_95": 10499.999999999995,
    "percentile_99": 13299.999999999996
  }
}