{
  "canary-read-schema": {
    "data": {
      "5": 5000,
      "6": 5000,
      "7": 27000,
      "8": 5000,
      "10": 26000,
      "11": 5000,
      "12": 29000,
      "13": 5000,
      "14": 25000,
      "15": 29000,
      "16": 27000,
      "17": 27000,
      "18": 26000,
      "19": 26000,
      "20": 30000,
      "27": 19000
    },
    "mean": 19750.0,
    "median": 26000.0,
    "variance": 104187500.0,
    "standard_deviation": 10207.227831296801,
    "percentile_50": 26000.0,
    "percentile_75": 27000.0,
    "percentile_90": 29000.0,
    "percentile_95": 29250.0,
    "percentile_99": 29850.0
  },
  "canary-read-schema-mgmt": {
    "data": {
      "5": 5000,
      "6": 5000,
      "7": 9000,
      "8": 4000,
      "10": 28000,
      "11": 10000,
      "12": 8000,
      "13": 5000,
      "14": 9000,
      "15": 8000,
      "16": 13000,
      "17": 9000,
      "18": 28000,
      "19": 9000,
      "20": 9000,
      "27": 5000
    },
    "mean": 10250.0,
    "median": 9000.0,
    "variance": 50312500.0,
    "standard_deviation": 7093.130479555553,
    "percentile_50": 9000.0,
    "percentile_75": 9250.0,
    "percentile_90": 20500.0,
    "percentile_95": 28000.0,
    "percentile_99": 28000.0
  },
  "canary-stream-batch.read": {
    "data": {
      "5": 7000,
      "6": 6000,
      "7": 102000,
      "8": 7000,
      "10": 103000,
      "11": 103000,
      "12": 103000,
      "13": 5000,
      "14": 103000,
      "15": 103000,
      "16": 103000,
      "17": 103000,
      "18": 102000,
      "19": 103000,
      "20": 103000,
      "27": 114000
    },
    "mean": 79375.0,
    "median": 103000.0,
    "variance": 1789859375.0,
    "standard_deviation": 42306.72966562176,
    "percentile_50": 103000.0,
    "percentile_75": 103000.0,
    "percentile_90": 103000.0,
    "percentile_95": 105750.0,
    "percentile_99": 112350.0
  },
  "canary-stream-batch.write": {
    "data": {
      "5": 4000,
      "6": 5000,
      "7": 8000,
      "8": 11000,
      "10": 8000,
      "11": 8000,
      "12": 20000,
      "13": 5000,
      "14": 20000,
      "15": 9000,
      "16": 7000,
      "17": 8000,
      "18": 10000,
      "19": 9000,
      "20": 8000,
      "27": 5000
    },
    "mean": 9062.5,
    "median": 8000.0,
    "variance": 20558593.75,
    "standard_deviation": 4534.158549279017,
    "percentile_50": 8000.0,
    "percentile_75": 9250.0,
    "percentile_90": 15500.0,
    "percentile_95": 20000.0,
    "percentile_99": 20000.0
  },
  "canary-stream.read": {
    "data": {
      "5": 5000,
      "6": 7000,
      "7": 6000,
      "8": 7000,
      "10": 7000,
      "11": 7000,
      "12": 6000,
      "13": 7000,
      "14": 6000,
      "15": 6000,
      "16": 7000,
      "17": 6000,
      "18": 6000,
      "19": 6000,
      "20": 6000,
      "27": 18000
    },
    "mean": 7062.5,
    "median": 6000.0,
    "variance": 8308593.75,
    "standard_deviation": 2882.463139400051,
    "percentile_50": 6000.0,
    "percentile_75": 7000.0,
    "percentile_90": 7000.0,
    "percentile_95": 9750.0,
    "percentile_99": 16349.999999999996
  },
  "canary-stream-seq.read": {
    "data": {
      "5": 7000,
      "6": 6000,
      "7": 6000,
      "8": 6000,
      "10": 8000,
      "11": 6000,
      "12": 7000,
      "13": 7000,
      "14": 6000,
      "15": 6000,
      "16": 7000,
      "17": 6000,
      "18": 7000,
      "19": 6000,
      "20": 43000,
      "27": 10000
    },
    "mean": 9000.0,
    "median": 6500.0,
    "variance": 78125000.0,
    "standard_deviation": 8838.834764831845,
    "percentile_50": 6500.0,
    "percentile_75": 7000.0,
    "percentile_90": 9000.0,
    "percentile_95": 18250.0,
    "percentile_99": 38049.999999999985
  },
  "canary-stream-seq.write": {
    "data": {
      "5": 5000,
      "6": 5000,
      "7": 5000,
      "8": 5000,
      "10": 4000,
      "11": 5000,
      "12": 9000,
      "13": 14000,
      "14": 7000,
      "15": 5000,
      "16": 5000,
      "17": 5000,
      "18": 5000,
      "19": 5000,
      "20": 5000,
      "27": 14000
    },
    "mean": 6437.5,
    "median": 5000.0,
    "variance": 9371093.75,
    "standard_deviation": 3061.224224064614,
    "percentile_50": 5000.0,
    "percentile_75": 5500.0,
    "percentile_90": 11500.0,
    "percentile_95": 14000.0,
    "percentile_99": 14000.0
  }
}