{
  "canary-read-schema": {
    "data": {
      "5": 5000,
      "6": 5000,
      "7": 27000,
      "8": 5000,
      "10": 26000,
      "11": 5000,
      "12": 29000,
      "13": 5000,
      "14": 25000,
      "15": 29000
    },
    "mean": 16100.0,
    "median": 15000.0,
    "variance": 124490000.0,
    "standard_deviation": 11157.508682497182,
    "percentile_50": 15000.0,
    "percentile_75": 26750.0,
    "percentile_90": 29000.0,
    "percentile_95": 29000.0,
    "percentile_99": 29000.0
  },
  "canary-read-schema-mgmt": {
    "data": {
      "5": 5000,
      "6": 5000,
      "7": 9000,
      "8": 4000,
      "10": 28000,
      "11": 10000,
      "12": 8000,
      "13": 5000,
      "14": 9000,
      "15": 8000
    },
    "mean": 9100.0,
    "median": 8000.0,
    "variance": 43690000.0,
    "standard_deviation": 6609.8411478642965,
    "percentile_50": 8000.0,
    "percentile_75": 9000.0,
    "percentile_90": 11799.999999999993,
    "percentile_95": 19899.999999999978,
    "percentile_99": 26380.0
  },
  "canary-stream-batch.read": {
    "data": {
      "5": 7000,
      "6": 6000,
      "7": 102000,
      "8": 7000,
      "10": 103000,
      "11": 103000,
      "12": 103000,
      "13": 5000,
      "14": 103000,
      "15": 103000
    },
    "mean": 64200.0,
    "median": 102500.0,
    "variance": 2239160000.0,
    "standard_deviation": 47319.76331301753,
    "percentile_50": 102500.0,
    "percentile_75": 103000.0,
    "percentile_90": 103000.0,
    "percentile_95": 103000.0,
    "percentile_99": 103000.0
  },
  "canary-stream-batch.write": {
    "data": {
      "5": 4000,
      "6": 5000,
      "7": 8000,
      "8": 11000,
      "10": 8000,
      "11": 8000,
      "12": 20000,
      "13": 5000,
      "14": 20000,
      "15": 9000
    },
    "mean": 9800.0,
    "median": 8000.0,
    "variance": 29960000.0,
    "standard_deviation": 5473.572873361603,
    "percentile_50": 8000.0,
    "percentile_75": 10500.0,
    "percentile_90": 20000.0,
    "percentile_95": 20000.0,
    "percentile_99": 20000.0
  },
  "canary-stream.read": {
    "data": {
      "5": 5000,
      "6": 7000,
      "7": 6000,
      "8": 7000,
      "10": 7000,
      "11": 7000,
      "12": 6000,
      "13": 7000,
      "14": 6000,
      "15": 6000
    },
    "mean": 6400.0,
    "median": 6500.0,
    "variance": 440000.0,
    "standard_deviation": 663.32495807108,
    "percentile_50": 6500.0,
    "percentile_75": 7000.0,
    "percentile_90": 7000.0,
    "percentile_95": 7000.0,
    "percentile_99": 7000.0
  },
  "canary-stream-seq.read": {
    "data": {
      "5": 7000,
      "6": 6000,
      "7": 6000,
      "8": 6000,
      "10": 8000,
      "11": 6000,
      "12": 7000,
      "13": 7000,
      "14": 6000,
      "15": 6000
    },
    "mean": 6500.0,
    "median": 6000.0,
    "variance": 450000.0,
    "standard_deviation": 670.820393249937,
    "percentile_50": 6000.0,
    "percentile_75": 7000.0,
    "percentile_90": 7100.0,
    "percentile_95": 7549.999999999999,
    "percentile_99": 7910.0
  },
  "canary-stream-seq.write": {
    "data": {
      "5": 5000,
      "6": 5000,
      "7": 5000,
      "8": 5000,
      "10": 4000,
      "11": 5000,
      "12": 9000,
      "13": 14000,
      "14": 7000,
      "15": 5000
    },
    "mean": 6400.0,
    "median": 5000.0,
    "variance": 8240000.0,
    "standard_deviation": 2870.5400188814647,
    "percentile_50": 5000.0,
    "percentile_75": 6500.0,
    "percentile_90": 9499.999999999998,
    "percentile_95": 11749.999999999995,
    "percentile_99": 13550.0
  }
}