{
  "canary-read-schema": {
    "data": {
      "5": 5000,
      "6": 5000,
      "7": 27000,
      "8": 5000,
      "10": 26000,
      "11": 5000,
      "12": 29000,
      "13": 5000,
      "14": 25000,
      "15": 29000,
      "16": 27000,
      "17": 27000,
      "18": 26000,
      "19": 26000,
      "20": 30000,
      "27": 19000,
      "28": 6000,
      "29": 25000,
      "30": 58000,
      "32": 5000,
      "33": 5000,
      "34": 32000,
      "37": 6000,
      "38": 5000,
      "39": 27000,
      "43": 26000,
      "51": 5000,
      "52": 6000,
      "53": 5000,
      "60": 5000,
      "63": 5000,
      "64": 5000
    },
    "mean": 16937.5,
    "median": 12500.0,
    "variance": 170433593.75,
    "standard_deviation": 13055.021782823651,
    "percentile_50": 12500.0,
    "percentile_75": 27000.0,
    "percentile_90": 29000.0,
    "percentile_95": 30900.0,
    "percentile_99": 49940.00000000003
  },
  "canary-read-schema-mgmt": {
    "data": {
      "5": 5000,
      "6": 5000,
      "7": 9000,
      "8": 4000,
      "10": 28000,
      "11": 10000,
      "12": 8000,
      "13": 5000,
      "14": 9000,
      "15": 8000,
      "16": 13000,
      "17": 9000,
      "18": 28000,
      "19": 9000,
      "20": 9000,
      "27": 5000,
      "28": 5000,
      "29": 27000,
      "30": 10000,
      "32": 5000,
      "33": 5000,
      "34": 11000,
      "37": 7000,
      "38": 5000,
      "39": 9000,
      "43": 9000,
      "51": 6000,
      "52": 4000,
      "53": 5000,
      "60": 5000,
      "63": 4000,
      "64": 5000
    },
    "mean": 8937.5,
    "median": 7500.0,
    "variance": 41683593.75,
    "standard_deviation": 6456.283276777747,
    "percentile_50": 7500.0,
    "percentile_75": 9000.0,
    "percentile_90": 12800.000000000004,
    "percentile_95": 27450.0,
    "percentile_99": 28000.0
  },
  "canary-stream-batch.read": {
    "data": {
      "5": 7000,
      "6": 6000,
      "7": 102000,
      "8": 7000,
      "10": 103000,
      "11": 103000,
      "12": 103000,
      "13": 5000,
      "14": 103000,
      "15": 103000,
      "16": 103000,
      "17": 103000,
      "18": 102000,
      "19": 103000,
      "20": 103000,
      "27": 114000,
      "28": 8000,
      "29": 102000,
      "30": 132000,
      "32": 7000,
      "33": 7000,
      "34": 103000,
      "37": 104000,
      "38": 7000,
      "39": 103000,
      "43": 125000,
      "51": 7000,
      "52": 7000,
      "53": 7000,
      "60": 6000,
      "63": 24000,
      "64": 8000
    },
    "mean": 63343.75,
    "median": 102000.0,
    "variance": 2423975585.9375,
    "standard_deviation": 49233.88656136645,
    "percentile_50": 102000.0,
    "percentile_75": 103000.0,
    "percentile_90": 103900.0,
    "percentile_95": 118949.99999999999,
    "percentile_99": 129830.00000000001
  },
  "canary-stream-batch.write": {
    "data": {
      "5": 4000,
      "6": 5000,
      "7": 8000,
      "8": 11000,
      "10": 8000,
      "11": 8000,
      "12": 20000,
      "13": 5000,
      "14": 20000,
      "15": 9000,
      "16": 7000,
      "17": 8000,
      "18": 10000,
      "19": 9000,
      "20": 8000,
      "27": 5000,
      "28": 5000,
      "29": 18000,
      "30": 30000,
      "32": 5000,
      "33": 5000,
      "34": 21000,
      "37": 4000,
      "38": 5000,
      "39": 21000,
      "43": 9000,
      "51": 4000,
      "52": 6000,
      "53": 4000,
      "60": 5000,
      "63": 4000,
      "64": 5000
    },
    "mean": 9250.0,
    "median": 7500.0,
    "variance": 41937500.0,
    "standard_deviation": 6475.916923494309,
    "percentile_50": 7500.0,
    "percentile_75": 9250.0,
    "percentile_90": 20000.0,
    "percentile_95": 21000.0,
    "percentile_99": 27210.00000000001
  },
  "canary-stream.read": {
    "data": {
      "5": 5000,
      "6": 7000,
      "7": 6000,
      "8": 7000,
      "10": 7000,
      "11": 7000,
      "12": 6000,
      "13": 7000,
      "14": 6000,
      "15": 6000,
      "16": 7000,
      "17": 6000,
      "18": 6000,
      "19": 6000,
      "20": 6000,
      "27": 18000,
      "28": 7000,
      "29": 6000,
      "30": 26000,
      "32": 7000,
      "33": 6000,
      "34": 5000,
      "37": 6000,
      "38": 7000,
      "39": 6000,
      "43": 8000,
      "51": 6000,
      "52": 7000,
      "53": 7000,
      "60": 7000,
      "63": 9000,
      "64": 8000
    },
    "mean": 7531.25,
    "median": 7000.0,
    "variance": 15624023.4375,
    "standard_deviation": 3952.7235468092126,
    "percentile_50": 7000.0,
    "percentile_75": 7000.0,
    "percentile_90": 8000.0,
    "percentile_95": 13049.999999999993,
    "percentile_99": 23520.00000000001
  },
  "canary-stream-seq.read": {
    "data": {
      "5": 7000,
      "6": 6000,
      "7": 6000,
      "8": 6000,
      "10": 8000,
      "11": 6000,
      "12": 7000,
      "13": 7000,
      "14": 6000,
      "15": 6000,
      "16": 7000,
      "17": 6000,
      "18": 7000,
      "19": 6000,
      "20": 43000,
      "27": 10000,
      "28": 7000,
      "29": 7000,
      "30": 23000,
      "32": 7000,
      "33": 6000,
      "34": 6000,
      "37": 7000,
      "38": 6000,
      "39": 6000,
      "43": 6000,
      "51": 6000,
      "52": 7000,
      "53": 7000,
      "60": 7000,
      "63": 8000,
      "64": 7000
    },
    "mean": 8343.75,
    "median": 7000.0,
    "variance": 47475585.9375,
    "standard_deviation": 6890.252966147179,
    "percentile_50": 7000.0,
    "percentile_75": 7000.0,
    "percentile_90": 8000.0,
    "percentile_95": 15849.99999999999,
    "percentile_99": 36800.00000000003
  },
  "canary-stream-seq.write": {
    "data": {
      "5": 5000,
      "6": 5000,
      "7": 5000,
      "8": 5000,
      "10": 4000,
      "11": 5000,
      "12": 9000,
      "13": 14000,
      "14": 7000,
      "15": 5000,
      "16": 5000,
      "17": 5000,
      "18": 5000,
      "19": 5000,
      "20": 5000,
      "27": 14000,
      "28": 5000,
      "29": 8000,
      "30": 14000,
      "32": 5000,
      "33": 5000,
      "34": 7000,
      "37": 6000,
      "38": 5000,
      "39": 6000,
      "43": 5000,
      "51": 5000,
      "52": 7000,
      "53": 4000,
      "60": 4000,
      "63": 4000,
      "64": 5000
    },
    "mean": 6187.5,
    "median": 5000.0,
    "variance": 7527343.75,
    "standard_deviation": 2743.600508455996,
    "percentile_50": 5000.0,
    "percentile_75": 6250.0,
    "percentile_90": 8900.000000000002,
    "percentile_95": 14000.0,
    "percentile_99": 14000.0
  }
}