{
  "canary-read-schema": {
    "data": {
      "5": 5000,
      "6": 5000,
      "7": 27000,
      "8": 5000,
      "10": 26000,
      "11": 5000,
      "12": 29000,
      "13": 5000,
      "14": 25000,
      "15": 29000,
      "16": 27000,
      "17": 27000,
      "18": 26000,
      "19": 26000,
      "20": 30000,
      "27": 19000,
      "28": 6000,
      "29": 25000,
      "30": 58000,
      "32": 5000,
      "33": 5000
    },
    "mean": 19761.904761904763,
    "median": 25000.0,
    "variance": 180086167.8004535,
    "standard_deviation": 13419.618765093646,
    "percentile_50": 25000.0,
    "percentile_75": 27000.0,
    "percentile_90": 29000.0,
    "percentile_95": 30000.0,
    "percentile_99": 52400.000000000015
  },
  "canary-read-schema-mgmt": {
    "data": {
      "5": 5000,
      "6": 5000,
      "7": 9000,
      "8": 4000,
      "10": 28000,
      "11": 10000,
      "12": 8000,
      "13": 5000,
      "14": 9000,
      "15": 8000,
      "16": 13000,
      "17": 9000,
      "18": 28000,
      "19": 9000,
      "20": 9000,
      "27": 5000,
      "28": 5000,
      "29": 27000,
      "30": 10000,
      "32": 5000,
      "33": 5000
    },
    "mean": 10285.714285714286,
    "median": 9000.0,
    "variance": 55632653.06122448,
    "standard_deviation": 7458.72998983235,
    "percentile_50": 9000.0,
    "percentile_75": 10000.0,
    "percentile_90": 27000.0,
    "percentile_95": 28000.0,
    "percentile_99": 28000.0
  },
  "canary-stream-batch.read": {
    "data": {
      "5": 7000,
      "6": 6000,
      "7": 102000,
      "8": 7000,
      "10": 103000,
      "11": 103000,
      "12": 103000,
      "13": 5000,
      "14": 103000,
      "15": 103000,
      "16": 103000,
      "17": 103000,
      "18": 102000,
      "19": 103000,
      "20": 103000,
      "27": 114000,
      "28": 8000,
      "29": 102000,
      "30": 132000,
      "32": 7000,
      "33": 7000
    },
    "mean": 72666.66666666667,
    "median": 103000.0,
    "variance": 2216412698.4126987,
    "standard_deviation": 47078.79244853991,
    "percentile_50": 103000.0,
    "percentile_75": 103000.0,
    "percentile_90": 103000.0,
    "percentile_95": 114000.0,
    "percentile_99": 128400.00000000001
  },
  "canary-stream-batch.write": {
    "data": {
      "5": 4000,
      "6": 5000,
      "7": 8000,
      "8": 11000,
      "10": 8000,
      "11": 8000,
      "12": 20000,
      "13": 5000,
      "14": 20000,
      "15": 9000,
      "16": 7000,
      "17": 8000,
      "18": 10000,
      "19": 9000,
      "20": 8000,
      "27": 5000,
      "28": 5000,
      "29": 18000,
      "30": 30000,
      "32": 5000,
      "33": 5000
    },
    "mean": 9904.761904761905,
    "median": 8000.0,
    "variance": 41990929.70521542,
    "standard_deviation": 6480.040872187105,
    "percentile_50": 8000.0,
    "percentile_75": 10000.0,
    "percentile_90": 20000.0,
    "percentile_95": 20000.0,
    "percentile_99": 28000.000000000007
  },
  "canary-stream.read": {
    "data": {
      "5": 5000,
      "6": 7000,
      "7": 6000,
      "8": 7000,
      "10": 7000,
      "11": 7000,
      "12": 6000,
      "13": 7000,
      "14": 6000,
      "15": 6000,
      "16": 7000,
      "17": 6000,
      "18": 6000,
      "19": 6000,
      "20": 6000,
      "27": 18000,
      "28": 7000,
      "29": 6000,
      "30": 26000,
      "32": 7000,
      "33": 6000
    },
    "mean": 7857.142857142857,
    "median": 6000.0,
    "variance": 22884353.741496604,
    "standard_deviation": 4783.759373285471,
    "percentile_50": 6000.0,
    "percentile_75": 7000.0,
    "percentile_90": 7000.0,
    "percentile_95": 18000.0,
    "percentile_99": 24400.000000000007
  },
  "canary-stream-seq.read": {
    "data": {
      "5": 7000,
      "6": 6000,
      "7": 6000,
      "8": 6000,
      "10": 8000,
      "11": 6000,
      "12": 7000,
      "13": 7000,
      "14": 6000,
      "15": 6000,
      "16": 7000,
      "17": 6000,
      "18": 7000,
      "19": 6000,
      "20": 43000,
      "27": 10000,
      "28": 7000,
      "29": 7000,
      "30": 23000,
      "32": 7000,
      "33": 6000
    },
    "mean": 9238.095238095239,
    "median": 7000.0,
    "variance": 69800453.51473922,
    "standard_deviation": 8354.66657112893,
    "percentile_50": 7000.0,
    "percentile_75": 7000.0,
    "percentile_90": 10000.0,
    "percentile_95": 23000.0,
    "percentile_99": 39000.000000000015
  },
  "canary-stream-seq.write": {
    "data": {
      "5": 5000,
      "6": 5000,
      "7": 5000,
      "8": 5000,
      "10": 4000,
      "11": 5000,
      "12": 9000,
      "13": 14000,
      "14": 7000,
      "15": 5000,
      "16": 5000,
      "17": 5000,
      "18": 5000,
      "19": 5000,
      "20": 5000,
      "27": 14000,
      "28": 5000,
      "29": 8000,
      "30": 14000,
      "32": 5000,
      "33": 5000
    },
    "mean": 6666.666666666667,
    "median": 5000.0,
    "variance": 10222222.222222224,
    "standard_deviation": 3197.2210155418134,
    "percentile_50": 5000.0,
    "percentile_75": 7000.0,
    "percentile_90": 14000.0,
    "percentile_95": 14000.0,
    "percentile_99": 14000.0
  }
}