{
  "canary-read-schema": {
    "data": {
      "5": 5000,
      "6": 5000,
      "7": 27000,
      "8": 5000,
      "10": 26000,
      "11": 5000,
      "12": 29000,
      "13": 5000
    },
    "mean": 13375.0,
    "median": 5000.0,
    "variance": 117484375.0,
    "standard_deviation": 10839.020942871179,
    "percentile_50": 5000.0,
    "percentile_75": 26250.0,
    "percentile_90": 27600.0,
    "percentile_95": 28300.0,
    "percentile_99": 28860.0
  },
  "canary-read-schema-mgmt": {
    "data": {
      "5": 5000,
      "6": 5000,
      "7": 9000,
      "8": 4000,
      "10": 28000,
      "11": 10000,
      "12": 8000,
      "13": 5000
    },
    "mean": 9250.0,
    "median": 6500.0,
    "variance": 54437500.0,
    "standard_deviation": 7378.177281686853,
    "percentile_50": 6500.0,
    "percentile_75": 9250.0,
    "percentile_90": 15399.999999999996,
    "percentile_95": 21699.999999999993,
    "percentile_99": 26739.999999999996
  },
  "canary-stream-batch.read": {
    "data": {
      "5": 7000,
      "6": 6000,
      "7": 102000,
      "8": 7000,
      "10": 103000,
      "11": 103000,
      "12": 103000,
      "13": 5000
    },
    "mean": 54500.0,
    "median": 54500.0,
    "variance": 2328500000.0,
    "standard_deviation": 48254.53346577915,
    "percentile_50": 54500.0,
    "percentile_75": 103000.0,
    "percentile_90": 103000.0,
    "percentile_95": 103000.0,
    "percentile_99": 103000.0
  },
  "canary-stream-batch.write": {
    "data": {
      "5": 4000,
      "6": 5000,
      "7": 8000,
      "8": 11000,
      "10": 8000,
      "11": 8000,
      "12": 20000,
      "13": 5000
    },
    "mean": 8625.0,
    "median": 8000.0,
    "variance": 22984375.0,
    "standard_deviation": 4794.202227691277,
    "percentile_50": 8000.0,
    "percentile_75": 8750.0,
    "percentile_90": 13699.999999999998,
    "percentile_95": 16849.999999999996,
    "percentile_99": 19370.0
  },
  "canary-stream.read": {
    "data": {
      "5": 5000,
      "6": 7000,
      "7": 6000,
      "8": 7000,
      "10": 7000,
      "11": 7000,
      "12": 6000,
      "13": 7000
    },
    "mean": 6500.0,
    "median": 7000.0,
    "variance": 500000.0,
    "standard_deviation": 707.1067811865476,
    "percentile_50": 7000.0,
    "percentile_75": 7000.0,
    "percentile_90": 7000.0,
    "percentile_95": 7000.0,
    "percentile_99": 7000.0
  },
  "canary-stream-seq.read": {
    "data": {
      "5": 7000,
      "6": 6000,
      "7": 6000,
      "8": 6000,
      "10": 8000,
      "11": 6000,
      "12": 7000,
      "13": 7000
    },
    "mean": 6625.0,
    "median": 6500.0,
    "variance": 484375.0,
    "standard_deviation": 695.9705453537528,
    "percentile_50": 6500.0,
    "percentile_75": 7000.0,
    "percentile_90": 7300.0,
    "percentile_95": 7649.999999999999,
    "percentile_99": 7930.0
  },
  "canary-stream-seq.write": {
    "data": {
      "5": 5000,
      "6": 5000,
      "7": 5000,
      "8": 5000,
      "10": 4000,
      "11": 5000,
      "12": 9000,
      "13": 14000
    },
    "mean": 6500.0,
    "median": 5000.0,
    "variance": 10000000.0,
    "standard_deviation": 3162.2776601683795,
    "percentile_50": 5000.0,
    "percentile_75": 6000.0,
    "percentile_90": 10500.0,
    "percentile_95": 12249.999999999996,
    "percentile_99": 13649.999999999998
  }
}