{
  "canary-read-schema": {
    "data": {
      "5": 5000,
      "6": 5000,
      "7": 27000
    },
    "mean": 12333.333333333334,
    "median": 5000.0,
    "variance": 107555555.55555557,
    "standard_deviation": 10370.899457402698,
    "percentile_50": 5000.0,
    "percentile_75": 16000.0,
    "percentile_90": 22600.0,
    "percentile_95": 24799.999999999996,
    "percentile_99": 26560.0
  },
  "canary-read-schema-mgmt": {
    "data": {
      "5": 5000,
      "6": 5000,
      "7": 9000
    },
    "mean": 6333.333333333333,
    "median": 5000.0,
    "variance": 3555555.555555556,
    "standard_deviation": 1885.6180831641268,
    "percentile_50": 5000.0,
    "percentile_75": 7000.0,
    "percentile_90": 8200.0,
    "percentile_95": 8600.0,
    "percentile_99": 8920.0
  },
  "canary-stream-batch.read": {
    "data": {
      "5": 7000,
      "6": 6000,
      "7": 102000
    },
    "mean": 38333.333333333336,
    "median": 7000.0,
    "variance": 2026888888.888889,
    "standard_deviation": 45020.98276236192,
    "percentile_50": 7000.0,
    "percentile_75": 54500.0,
    "percentile_90": 83000.0,
    "percentile_95": 92499.99999999999,
    "percentile_99": 100100.0
  },
  "canary-stream-batch.write": {
    "data": {
      "5": 4000,
      "6": 5000,
      "7": 8000
    },
    "mean": 5666.666666666667,
    "median": 5000.0,
    "variance": 2888888.8888888895,
    "standard_deviation": 1699.6731711975951,
    "percentile_50": 5000.0,
    "percentile_75": 6500.0,
    "percentile_90": 7400.0,
    "percentile_95": 7700.0,
    "percentile_99": 7940.0
  },
  "canary-stream.read": {
    "data": {
      "5": 5000,
      "6": 7000,
      "7": 6000
    },
    "mean": 6000.0,
    "median": 6000.0,
    "variance": 666666.6666666666,
    "standard_deviation": 816.496580927726,
    "percentile_50": 6000.0,
    "percentile_75": 6500.0,
    "percentile_90": 6800.0,
    "percentile_95": 6900.0,
    "percentile_99": 6980.0
  },
  "canary-stream-seq.read": {
    "data": {
      "5": 7000,
      "6": 6000,
      "7": 6000
    },
    "mean": 6333.333333333333,
    "median": 6000.0,
    "variance": 222222.22222222222,
    "standard_deviation": 471.4045207910317,
    "percentile_50": 6000.0,
    "percentile_75": 6500.0,
    "percentile_90": 6800.0,
    "percentile_95": 6900.0,
    "percentile_99": 6980.0
  },
  "canary-stream-seq.write": {
    "data": {
      "5": 5000,
      "6": 5000,
      "7": 5000
    },
    "mean": 5000.0,
    "median": 5000.0,
    "variance": 0.0,
    "standard_deviation": 0.0,
    "percentile_50": 5000.0,
    "percentile_75": 5000.0,
    "percentile_90": 5000.0,
    "percentile_95": 5000.0,
    "percentile_99": 5000.0
  }
}