{
  "canary-read-schema": {
    "data": {
      "5": 5000,
      "6": 5000,
      "7": 27000,
      "8": 5000,
      "10": 26000,
      "11": 5000,
      "12": 29000
    },
    "mean": 14571.42857142857,
    "median": 5000.0,
    "variance": 122816326.53061223,
    "standard_deviation": 11082.252773268268,
    "percentile_50": 5000.0,
    "percentile_75": 26500.0,
    "percentile_90": 27800.0,
    "percentile_95": 28400.0,
    "percentile_99": 28880.0
  },
  "canary-read-schema-mgmt": {
    "data": {
      "5": 5000,
      "6": 5000,
      "7": 9000,
      "8": 4000,
      "10": 28000,
      "11": 10000,
      "12": 8000
    },
    "mean": 9857.142857142857,
    "median": 8000.0,
    "variance": 59265306.12244899,
    "standard_deviation": 7698.396334461418,
    "percentile_50": 8000.0,
    "percentile_75": 9500.0,
    "percentile_90": 17200.000000000007,
    "percentile_95": 22599.999999999985,
    "percentile_99": 26919.999999999993
  },
  "canary-stream-batch.read": {
    "data": {
      "5": 7000,
      "6": 6000,
      "7": 102000,
      "8": 7000,
      "10": 103000,
      "11": 103000,
      "12": 103000
    },
    "mean": 61571.42857142857,
    "median": 102000.0,
    "variance": 2261102040.816327,
    "standard_deviation": 47551.04668476107,
    "percentile_50": 102000.0,
    "percentile_75": 103000.0,
    "percentile_90": 103000.0,
    "percentile_95": 103000.0,
    "percentile_99": 103000.0
  },
  "canary-stream-batch.write": {
    "data": {
      "5": 4000,
      "6": 5000,
      "7": 8000,
      "8": 11000,
      "10": 8000,
      "11": 8000,
      "12": 20000
    },
    "mean": 9142.857142857143,
    "median": 8000.0,
    "variance": 24122448.97959184,
    "standard_deviation": 4911.460982191738,
    "percentile_50": 8000.0,
    "percentile_75": 9500.0,
    "percentile_90": 14600.000000000004,
    "percentile_95": 17299.999999999993,
    "percentile_99": 19459.999999999996
  },
  "canary-stream.read": {
    "data": {
      "5": 5000,
      "6": 7000,
      "7": 6000,
      "8": 7000,
      "10": 7000,
      "11": 7000,
      "12": 6000
    },
    "mean": 6428.571428571428,
    "median": 7000.0,
    "variance": 530612.244897959,
    "standard_deviation": 728.4313590846834,
    "percentile_50": 7000.0,
    "percentile_75": 7000.0,
    "percentile_90": 7000.0,
    "percentile_95": 7000.0,
    "percentile_99": 7000.0
  },
  "canary-stream-seq.read": {
    "data": {
      "5": 7000,
      "6": 6000,
      "7": 6000,
      "8": 6000,
      "10": 8000,
      "11": 6000,
      "12": 7000
    },
    "mean": 6571.428571428572,
    "median": 6000.0,
    "variance": 530612.2448979592,
    "standard_deviation": 728.4313590846835,
    "percentile_50": 6000.0,
    "percentile_75": 7000.0,
    "percentile_90": 7400.0,
    "percentile_95": 7699.999999999999,
    "percentile_99": 7940.0
  },
  "canary-stream-seq.write": {
    "data": {
      "5": 5000,
      "6": 5000,
      "7": 5000,
      "8": 5000,
      "10": 4000,
      "11": 5000,
      "12": 9000
    },
    "mean": 5428.571428571428,
    "median": 5000.0,
    "variance": 2244897.9591836734,
    "standard_deviation": 1498.298354528788,
    "percentile_50": 5000.0,
    "percentile_75": 5000.0,
    "percentile_90": 6600.000000000002,
    "percentile_95": 7799.999999999997,
    "percentile_99": 8759.999999999998
  }
}