{
  "canary-read-schema": {
    "data": {
      "5": 5000,
      "6": 5000,
      "7": 27000,
      "8": 5000,
      "10": 26000,
      "11": 5000,
      "12": 29000,
      "13": 5000,
      "14": 25000,
      "15": 29000,
      "16": 27000,
      "17": 27000,
      "18": 26000,
      "19": 26000,
      "20": 30000,
      "27": 19000,
      "28": 6000,
      "29": 25000,
      "30": 58000
    },
    "mean": 21315.78947368421,
    "median": 26000.0,
    "variance": 173689750.6925208,
    "standard_deviation": 13179.140741813208,
    "percentile_50": 26000.0,
    "percentile_75": 27000.0,
    "percentile_90": 29200.0,
    "percentile_95": 32799.99999999994,
    "percentile_99": 52960.00000000001
  },
  "canary-read-schema-mgmt": {
    "data": {
      "5": 5000,
      "6": 5000,
      "7": 9000,
      "8": 4000,
      "10": 28000,
      "11": 10000,
      "12": 8000,
      "13": 5000,
      "14": 9000,
      "15": 8000,
      "16": 13000,
      "17": 9000,
      "18": 28000,
      "19": 9000,
      "20": 9000,
      "27": 5000,
      "28": 5000,
      "29": 27000,
      "30": 10000
    },
    "mean": 10842.105263157895,
    "median": 9000.0,
    "variance": 58238227.146814406,
    "standard_deviation": 7631.397457007099,
    "percentile_50": 9000.0,
    "percentile_75": 10000.0,
    "percentile_90": 27200.0,
    "percentile_95": 28000.0,
    "percentile_99": 28000.0
  },
  "canary-stream-batch.read": {
    "data": {
      "5": 7000,
      "6": 6000,
      "7": 102000,
      "8": 7000,
      "10": 103000,
      "11": 103000,
      "12": 103000,
      "13": 5000,
      "14": 103000,
      "15": 103000,
      "16": 103000,
      "17": 103000,
      "18": 102000,
      "19": 103000,
      "20": 103000,
      "27": 114000,
      "28": 8000,
      "29": 102000,
      "30": 132000
    },
    "mean": 79578.94736842105,
    "median": 103000.0,
    "variance": 1948033240.99723,
    "standard_deviation": 44136.52955316299,
    "percentile_50": 103000.0,
    "percentile_75": 103000.0,
    "percentile_90": 105199.99999999999,
    "percentile_95": 115799.99999999996,
    "percentile_99": 128760.0
  },
  "canary-stream-batch.write": {
    "data": {
      "5": 4000,
      "6": 5000,
      "7": 8000,
      "8": 11000,
      "10": 8000,
      "11": 8000,
      "12": 20000,
      "13": 5000,
      "14": 20000,
      "15": 9000,
      "16": 7000,
      "17": 8000,
      "18": 10000,
      "19": 9000,
      "20": 8000,
      "27": 5000,
      "28": 5000,
      "29": 18000,
      "30": 30000
    },
    "mean": 10421.052631578947,
    "median": 8000.0,
    "variance": 43612188.36565097,
    "standard_deviation": 6603.95248057184,
    "percentile_50": 8000.0,
    "percentile_75": 10500.0,
    "percentile_90": 20000.0,
    "percentile_95": 20999.999999999978,
    "percentile_99": 28200.000000000004
  },
  "canary-stream.read": {
    "data": {
      "5": 5000,
      "6": 7000,
      "7": 6000,
      "8": 7000,
      "10": 7000,
      "11": 7000,
      "12": 6000,
      "13": 7000,
      "14": 6000,
      "15": 6000,
      "16": 7000,
      "17": 6000,
      "18": 6000,
      "19": 6000,
      "20": 6000,
      "27": 18000,
      "28": 7000,
      "29": 6000,
      "30": 26000
    },
    "mean": 8000.0,
    "median": 6000.0,
    "variance": 25052631.57894737,
    "standard_deviation": 5005.260390723681,
    "percentile_50": 6000.0,
    "percentile_75": 7000.0,
    "percentile_90": 9199.999999999993,
    "percentile_95": 18799.99999999998,
    "percentile_99": 24560.0
  },
  "canary-stream-seq.read": {
    "data": {
      "5": 7000,
      "6": 6000,
      "7": 6000,
      "8": 6000,
      "10": 8000,
      "11": 6000,
      "12": 7000,
      "13": 7000,
      "14": 6000,
      "15": 6000,
      "16": 7000,
      "17": 6000,
      "18": 7000,
      "19": 6000,
      "20": 43000,
      "27": 10000,
      "28": 7000,
      "29": 7000,
      "30": 23000
    },
    "mean": 9526.315789473685,
    "median": 7000.0,
    "variance": 76249307.47922435,
    "standard_deviation": 8732.084944572192,
    "percentile_50": 7000.0,
    "percentile_75": 7000.0,
    "percentile_90": 12599.99999999999,
    "percentile_95": 24999.999999999956,
    "percentile_99": 39400.00000000001
  },
  "canary-stream-seq.write": {
    "data": {
      "5": 5000,
      "6": 5000,
      "7": 5000,
      "8": 5000,
      "10": 4000,
      "11": 5000,
      "12": 9000,
      "13": 14000,
      "14": 7000,
      "15": 5000,
      "16": 5000,
      "17": 5000,
      "18": 5000,
      "19": 5000,
      "20": 5000,
      "27": 14000,
      "28": 5000,
      "29": 8000,
      "30": 14000
    },
    "mean": 6842.105263157895,
    "median": 5000.0,
    "variance": 10975069.252077563,
    "standard_deviation": 3312.8642067065716,
    "percentile_50": 5000.0,
    "percentile_75": 7500.0,
    "percentile_90": 14000.0,
    "percentile_95": 14000.0,
    "percentile_99": 14000.0
  }
}