{
  "canary-read-schema": {
    "data": {
      "5": 5000,
      "6": 5000,
      "7": 27000,
      "8": 5000,
      "10": 26000,
      "11": 5000,
      "12": 29000,
      "13": 5000,
      "14": 25000,
      "15": 29000,
      "16": 27000,
      "17": 27000,
      "18": 26000,
      "19": 26000,
      "20": 30000,
      "27": 19000,
      "28": 6000,
      "29": 25000,
      "30": 58000,
      "32": 5000
    },
    "mean": 20500.0,
    "median": 25500.0,
    "variance": 177650000.0,
    "standard_deviation": 13328.5408053545,
    "percentile_50": 25500.0,
    "percentile_75": 27000.0,
    "percentile_90": 29100.0,
    "percentile_95": 31400.000000000022,
    "percentile_99": 52679.99999999996
  },
  "canary-read-schema-mgmt": {
    "data": {
      "5": 5000,
      "6": 5000,
      "7": 9000,
      "8": 4000,
      "10": 28000,
      "11": 10000,
      "12": 8000,
      "13": 5000,
      "14": 9000,
      "15": 8000,
      "16": 13000,
      "17": 9000,
      "18": 28000,
      "19": 9000,
      "20": 9000,
      "27": 5000,
      "28": 5000,
      "29": 27000,
      "30": 10000,
      "32": 5000
    },
    "mean": 10550.0,
    "median": 9000.0,
    "variance": 56947500.0,
    "standard_deviation": 7546.35673686316,
    "percentile_50": 9000.0,
    "percentile_75": 10000.0,
    "percentile_90": 27100.0,
    "percentile_95": 28000.0,
    "percentile_99": 28000.0
  },
  "canary-stream-batch.read": {
    "data": {
      "5": 7000,
      "6": 6000,
      "7": 102000,
      "8": 7000,
      "10": 103000,
      "11": 103000,
      "12": 103000,
      "13": 5000,
      "14": 103000,
      "15": 103000,
      "16": 103000,
      "17": 103000,
      "18": 102000,
      "19": 103000,
      "20": 103000,
      "27": 114000,
      "28": 8000,
      "29": 102000,
      "30": 132000,
      "32": 7000
    },
    "mean": 75950.0,
    "median": 103000.0,
    "variance": 2100847500.0,
    "standard_deviation": 45835.002999890814,
    "percentile_50": 103000.0,
    "percentile_75": 103000.0,
    "percentile_90": 104100.00000000001,
    "percentile_95": 114900.00000000001,
    "percentile_99": 128579.99999999997
  },
  "canary-stream-batch.write": {
    "data": {
      "5": 4000,
      "6": 5000,
      "7": 8000,
      "8": 11000,
      "10": 8000,
      "11": 8000,
      "12": 20000,
      "13": 5000,
      "14": 20000,
      "15": 9000,
      "16": 7000,
      "17": 8000,
      "18": 10000,
      "19": 9000,
      "20": 8000,
      "27": 5000,
      "28": 5000,
      "29": 18000,
      "30": 30000,
      "32": 5000
    },
    "mean": 10150.0,
    "median": 8000.0,
    "variance": 42827500.0,
    "standard_deviation": 6544.2723048479575,
    "percentile_50": 8000.0,
    "percentile_75": 10250.0,
    "percentile_90": 20000.0,
    "percentile_95": 20500.000000000007,
    "percentile_99": 28099.999999999985
  },
  "canary-stream.read": {
    "data": {
      "5": 5000,
      "6": 7000,
      "7": 6000,
      "8": 7000,
      "10": 7000,
      "11": 7000,
      "12": 6000,
      "13": 7000,
      "14": 6000,
      "15": 6000,
      "16": 7000,
      "17": 6000,
      "18": 6000,
      "19": 6000,
      "20": 6000,
      "27": 18000,
      "28": 7000,
      "29": 6000,
      "30": 26000,
      "32": 7000
    },
    "mean": 7950.0,
    "median": 6500.0,
    "variance": 23847500.0,
    "standard_deviation": 4883.39021582343,
    "percentile_50": 6500.0,
    "percentile_75": 7000.0,
    "percentile_90": 8100.0000000000155,
    "percentile_95": 18400.000000000007,
    "percentile_99": 24479.99999999999
  },
  "canary-stream-seq.read": {
    "data": {
      "5": 7000,
      "6": 6000,
      "7": 6000,
      "8": 6000,
      "10": 8000,
      "11": 6000,
      "12": 7000,
      "13": 7000,
      "14": 6000,
      "15": 6000,
      "16": 7000,
      "17": 6000,
      "18": 7000,
      "19": 6000,
      "20": 43000,
      "27": 10000,
      "28": 7000,
      "29": 7000,
      "30": 23000,
      "32": 7000
    },
    "mean": 9400.0,
    "median": 7000.0,
    "variance": 72740000.0,
    "standard_deviation": 8528.77482408816,
    "percentile_50": 7000.0,
    "percentile_75": 7000.0,
    "percentile_90": 11300.000000000018,
    "percentile_95": 24000.000000000015,
    "percentile_99": 39199.99999999997
  },
  "canary-stream-seq.write": {
    "data": {
      "5": 5000,
      "6": 5000,
      "7": 5000,
      "8": 5000,
      "10": 4000,
      "11": 5000,
      "12": 9000,
      "13": 14000,
      "14": 7000,
      "15": 5000,
      "16": 5000,
      "17": 5000,
      "18": 5000,
      "19": 5000,
      "20": 5000,
      "27": 14000,
      "28": 5000,
      "29": 8000,
      "30": 14000,
      "32": 5000
    },
    "mean": 6750.0,
    "median": 5000.0,
    "variance": 10587500.0,
    "standard_deviation": 3253.8438807047887,
    "percentile_50": 5000.0,
    "percentile_75": 7250.0,
    "percentile_90": 14000.0,
    "percentile_95": 14000.0,
    "percentile_99": 14000.0
  }
}