{
  "canary-read-schema": {
    "data": {
      "5": 5000,
      "6": 5000,
      "7": 27000,
      "8": 5000,
      "10": 26000
    },
    "mean": 13600.0,
    "median": 5000.0,
    "variance": 111040000.0,
    "standard_deviation": 10537.551897855592,
    "percentile_50": 5000.0,
    "percentile_75": 26000.0,
    "percentile_90": 26600.0,
    "percentile_95": 26800.0,
    "percentile_99": 26960.0
  },
  "canary-read-schema-mgmt": {
    "data": {
      "5": 5000,
      "6": 5000,
      "7": 9000,
      "8": 4000,
      "10": 28000
    },
    "mean": 10200.0,
    "median": 5000.0,
    "variance": 82160000.0,
    "standard_deviation": 9064.215354899728,
    "percentile_50": 5000.0,
    "percentile_75": 9000.0,
    "percentile_90": 20400.0,
    "percentile_95": 24199.999999999996,
    "percentile_99": 27240.0
  },
  "canary-stream-batch.read": {
    "data": {
      "5": 7000,
      "6": 6000,
      "7": 102000,
      "8": 7000,
      "10": 103000
    },
    "mean": 45000.0,
    "median": 7000.0,
    "variance": 2204400000.0,
    "standard_deviation": 46951.03832717654,
    "percentile_50": 7000.0,
    "percentile_75": 102000.0,
    "percentile_90": 102600.0,
    "percentile_95": 102800.0,
    "percentile_99": 102960.0
  },
  "canary-stream-batch.write": {
    "data": {
      "5": 4000,
      "6": 5000,
      "7": 8000,
      "8": 11000,
      "10": 8000
    },
    "mean": 7200.0,
    "median": 8000.0,
    "variance": 6160000.0,
    "standard_deviation": 2481.934729198171,
    "percentile_50": 8000.0,
    "percentile_75": 8000.0,
    "percentile_90": 9800.0,
    "percentile_95": 10400.0,
    "percentile_99": 10880.0
  },
  "canary-stream.read": {
    "data": {
      "5": 5000,
      "6": 7000,
      "7": 6000,
      "8": 7000,
      "10": 7000
    },
    "mean": 6400.0,
    "median": 7000.0,
    "variance": 640000.0,
    "standard_deviation": 800.0,
    "percentile_50": 7000.0,
    "percentile_75": 7000.0,
    "percentile_90": 7000.0,
    "percentile_95": 7000.0,
    "percentile_99": 7000.0
  },
  "canary-stream-seq.read": {
    "data": {
      "5": 7000,
      "6": 6000,
      "7": 6000,
      "8": 6000,
      "10": 8000
    },
    "mean": 6600.0,
    "median": 6000.0,
    "variance": 640000.0,
    "standard_deviation": 800.0,
    "percentile_50": 6000.0,
    "percentile_75": 7000.0,
    "percentile_90": 7600.0,
    "percentile_95": 7800.0,
    "percentile_99": 7960.0
  },
  "canary-stream-seq.write": {
    "data": {
      "5": 5000,
      "6": 5000,
      "7": 5000,
      "8": 5000,
      "10": 4000
    },
    "mean": 4800.0,
    "median": 5000.0,
    "variance": 160000.0,
    "standard_deviation": 400.0,
    "percentile_50": 5000.0,
    "percentile_75": 5000.0,
    "percentile_90": 5000.0,
    "percentile_95": 5000.0,
    "percentile_99": 5000.0
  }
}