{
  "canary-read-schema": {
    "data": {
      "5": 5000,
      "6": 5000,
      "7": 27000,
      "8": 5000,
      "10": 26000,
      "11": 5000,
      "12": 29000,
      "13": 5000,
      "14": 25000,
      "15": 29000,
      "16": 27000,
      "17": 27000,
      "18": 26000
    },
    "mean": 18538.46153846154,
    "median": 26000.0,
    "variance": 115633136.09467453,
    "standard_deviation": 10753.284897866071,
    "percentile_50": 26000.0,
    "percentile_75": 27000.0,
    "percentile_90": 28600.0,
    "percentile_95": 29000.0,
    "percentile_99": 29000.0
  },
  "canary-read-schema-mgmt": {
    "data": {
      "5": 5000,
      "6": 5000,
      "7": 9000,
      "8": 4000,
      "10": 28000,
      "11": 10000,
      "12": 8000,
      "13": 5000,
      "14": 9000,
      "15": 8000,
      "16": 13000,
      "17": 9000,
      "18": 28000
    },
    "mean": 10846.153846153846,
    "median": 9000.0,
    "variance": 59207100.591715984,
    "standard_deviation": 7694.615038565346,
    "percentile_50": 9000.0,
    "percentile_75": 10000.0,
    "percentile_90": 25000.00000000001,
    "percentile_95": 28000.0,
    "percentile_99": 28000.0
  },
  "canary-stream-batch.read": {
    "data": {
      "5": 7000,
      "6": 6000,
      "7": 102000,
      "8": 7000,
      "10": 103000,
      "11": 103000,
      "12": 103000,
      "13": 5000,
      "14": 103000,
      "15": 103000,
      "16": 103000,
      "17": 103000,
      "18": 102000
    },
    "mean": 73076.92307692308,
    "median": 103000.0,
    "variance": 1985147928.9940834,
    "standard_deviation": 44554.99892261343,
    "percentile_50": 103000.0,
    "percentile_75": 103000.0,
    "percentile_90": 103000.0,
    "percentile_95": 103000.0,
    "percentile_99": 103000.0
  },
  "canary-stream-batch.write": {
    "data": {
      "5": 4000,
      "6": 5000,
      "7": 8000,
      "8": 11000,
      "10": 8000,
      "11": 8000,
      "12": 20000,
      "13": 5000,
      "14": 20000,
      "15": 9000,
      "16": 7000,
      "17": 8000,
      "18": 10000
    },
    "mean": 9461.538461538461,
    "median": 8000.0,
    "variance": 23786982.248520706,
    "standard_deviation": 4877.189995122264,
    "percentile_50": 8000.0,
    "percentile_75": 10000.0,
    "percentile_90": 18200.000000000007,
    "percentile_95": 20000.0,
    "percentile_99": 20000.0
  },
  "canary-stream.read": {
    "data": {
      "5": 5000,
      "6": 7000,
      "7": 6000,
      "8": 7000,
      "10": 7000,
      "11": 7000,
      "12": 6000,
      "13": 7000,
      "14": 6000,
      "15": 6000,
      "16": 7000,
      "17": 6000,
      "18": 6000
    },
    "mean": 6384.615384615385,
    "median": 6000.0,
    "variance": 390532.54437869816,
    "standard_deviation": 624.9260311258431,
    "percentile_50": 6000.0,
    "percentile_75": 7000.0,
    "percentile_90": 7000.0,
    "percentile_95": 7000.0,
    "percentile_99": 7000.0
  },
  "canary-stream-seq.read": {
    "data": {
      "5": 7000,
      "6": 6000,
      "7": 6000,
      "8": 6000,
      "10": 8000,
      "11": 6000,
      "12": 7000,
      "13": 7000,
      "14": 6000,
      "15": 6000,
      "16": 7000,
      "17": 6000,
      "18": 7000
    },
    "mean": 6538.461538461538,
    "median": 6000.0,
    "variance": 402366.8639053255,
    "standard_deviation": 634.3239424027171,
    "percentile_50": 6000.0,
    "percentile_75": 7000.0,
    "percentile_90": 7000.0,
    "percentile_95": 7399.999999999998,
    "percentile_99": 7879.999999999999
  },
  "canary-stream-seq.write": {
    "data": {
      "5": 5000,
      "6": 5000,
      "7": 5000,
      "8": 5000,
      "10": 4000,
      "11": 5000,
      "12": 9000,
      "13": 14000,
      "14": 7000,
      "15": 5000,
      "16": 5000,
      "17": 5000,
      "18": 5000
    },
    "mean": 6076.923076923077,
    "median": 5000.0,
    "variance": 6686390.532544379,
    "standard_deviation": 2585.805586764863,
    "percentile_50": 5000.0,
    "percentile_75": 5000.0,
    "percentile_90": 8600.000000000002,
    "percentile_95": 10999.999999999993,
    "percentile_99": 13399.999999999996
  }
}