{
  "canary-read-schema": {
    "data": {
      "5": 5000,
      "6": 5000,
      "7": 27000,
      "8": 5000
    },
    "mean": 10500.0,
    "median": 5000.0,
    "variance": 90750000.0,
    "standard_deviation": 9526.279441628825,
    "percentile_50": 5000.0,
    "percentile_75": 10500.0,
    "percentile_90": 20400.000000000004,
    "percentile_95": 23699.999999999993,
    "percentile_99": 26339.999999999993
  },
  "canary-read-schema-mgmt": {
    "data": {
      "5": 5000,
      "6": 5000,
      "7": 9000,
      "8": 4000
    },
    "mean": 5750.0,
    "median": 5000.0,
    "variance": 3687500.0,
    "standard_deviation": 1920.286436967152,
    "percentile_50": 5000.0,
    "percentile_75": 6000.0,
    "percentile_90": 7800.000000000001,
    "percentile_95": 8399.999999999998,
    "percentile_99": 8880.0
  },
  "canary-stream-batch.read": {
    "data": {
      "5": 7000,
      "6": 6000,
      "7": 102000,
      "8": 7000
    },
    "mean": 30500.0,
    "median": 7000.0,
    "variance": 1704250000.0,
    "standard_deviation": 41282.56290493603,
    "percentile_50": 7000.0,
    "percentile_75": 30750.0,
    "percentile_90": 73500.00000000001,
    "percentile_95": 87749.99999999997,
    "percentile_99": 99149.99999999997
  },
  "canary-stream-batch.write": {
    "data": {
      "5": 4000,
      "6": 5000,
      "7": 8000,
      "8": 11000
    },
    "mean": 7000.0,
    "median": 6500.0,
    "variance": 7500000.0,
    "standard_deviation": 2738.6127875258308,
    "percentile_50": 6500.0,
    "percentile_75": 8750.0,
    "percentile_90": 10100.0,
    "percentile_95": 10550.0,
    "percentile_99": 10910.0
  },
  "canary-stream.read": {
    "data": {
      "5": 5000,
      "6": 7000,
      "7": 6000,
      "8": 7000
    },
    "mean": 6250.0,
    "median": 6500.0,
    "variance": 687500.0,
    "standard_deviation": 829.15619758885,
    "percentile_50": 6500.0,
    "percentile_75": 7000.0,
    "percentile_90": 7000.0,
    "percentile_95": 7000.0,
    "percentile_99": 7000.0
  },
  "canary-stream-seq.read": {
    "data": {
      "5": 7000,
      "6": 6000,
      "7": 6000,
      "8": 6000
    },
    "mean": 6250.0,
    "median": 6000.0,
    "variance": 187500.0,
    "standard_deviation": 433.0127018922193,
    "percentile_50": 6000.0,
    "percentile_75": 6250.0,
    "percentile_90": 6700.0,
    "percentile_95": 6850.0,
    "percentile_99": 6970.0
  },
  "canary-stream-seq.write": {
    "data": {
      "5": 5000,
      "6": 5000,
      "7": 5000,
      "8": 5000
    },
    "mean": 5000.0,
    "median": 5000.0,
    "variance": 0.0,
    "standard_deviation": 0.0,
    "percentile_50": 5000.0,
    "percentile_75": 5000.0,
    "percentile_90": 5000.0,
    "percentile_95": 5000.0,
    "percentile_99": 5000.0
  }
}