{
  "canary-read-schema": {
    "data": {
      "5": 5000,
      "6": 5000,
      "7": 27000,
      "8": 5000,
      "10": 26000,
      "11": 5000,
      "12": 29000,
      "13": 5000,
      "14": 25000
    },
    "mean": 14666.666666666666,
    "median": 5000.0,
    "variance": 117777777.77777776,
    "standard_deviation": 10852.54706406647,
    "percentile_50": 5000.0,
    "percentile_75": 26000.0,
    "percentile_90": 27400.0,
    "percentile_95": 28200.0,
    "percentile_99": 28840.0
  },
  "canary-read-schema-mgmt": {
    "data": {
      "5": 5000,
      "6": 5000,
      "7": 9000,
      "8": 4000,
      "10": 28000,
      "11": 10000,
      "12": 8000,
      "13": 5000,
      "14": 9000
    },
    "mean": 9222.222222222223,
    "median": 8000.0,
    "variance": 48395061.72839506,
    "standard_deviation": 6956.655929999346,
    "percentile_50": 8000.0,
    "percentile_75": 9000.0,
    "percentile_90": 13600.000000000004,
    "percentile_95": 20799.999999999993,
    "percentile_99": 26560.0
  },
  "canary-stream-batch.read": {
    "data": {
      "5": 7000,
      "6": 6000,
      "7": 102000,
      "8": 7000,
      "10": 103000,
      "11": 103000,
      "12": 103000,
      "13": 5000,
      "14": 103000
    },
    "mean": 59888.88888888889,
    "median": 102000.0,
    "variance": 2302098765.432099,
    "standard_deviation": 47980.19138594696,
    "percentile_50": 102000.0,
    "percentile_75": 103000.0,
    "percentile_90": 103000.0,
    "percentile_95": 103000.0,
    "percentile_99": 103000.0
  },
  "canary-stream-batch.write": {
    "data": {
      "5": 4000,
      "6": 5000,
      "7": 8000,
      "8": 11000,
      "10": 8000,
      "11": 8000,
      "12": 20000,
      "13": 5000,
      "14": 20000
    },
    "mean": 9888.888888888889,
    "median": 8000.0,
    "variance": 33209876.54320987,
    "standard_deviation": 5762.8011021733055,
    "percentile_50": 8000.0,
    "percentile_75": 11000.0,
    "percentile_90": 20000.0,
    "percentile_95": 20000.0,
    "percentile_99": 20000.0
  },
  "canary-stream.read": {
    "data": {
      "5": 5000,
      "6": 7000,
      "7": 6000,
      "8": 7000,
      "10": 7000,
      "11": 7000,
      "12": 6000,
      "13": 7000,
      "14": 6000
    },
    "mean": 6444.444444444444,
    "median": 7000.0,
    "variance": 469135.8024691359,
    "standard_deviation": 684.9348892187752,
    "percentile_50": 7000.0,
    "percentile_75": 7000.0,
    "percentile_90": 7000.0,
    "percentile_95": 7000.0,
    "percentile_99": 7000.0
  },
  "canary-stream-seq.read": {
    "data": {
      "5": 7000,
      "6": 6000,
      "7": 6000,
      "8": 6000,
      "10": 8000,
      "11": 6000,
      "12": 7000,
      "13": 7000,
      "14": 6000
    },
    "mean": 6555.555555555556,
    "median": 6000.0,
    "variance": 469135.8024691359,
    "standard_deviation": 684.9348892187752,
    "percentile_50": 6000.0,
    "percentile_75": 7000.0,
    "percentile_90": 7200.0,
    "percentile_95": 7600.0,
    "percentile_99": 7920.0
  },
  "canary-stream-seq.write": {
    "data": {
      "5": 5000,
      "6": 5000,
      "7": 5000,
      "8": 5000,
      "10": 4000,
      "11": 5000,
      "12": 9000,
      "13": 14000,
      "14": 7000
    },
    "mean": 6555.555555555556,
    "median": 5000.0,
    "variance": 8913580.24691358,
    "standard_deviation": 2985.5619650098674,
    "percentile_50": 5000.0,
    "percentile_75": 7000.0,
    "percentile_90": 10000.0,
    "percentile_95": 11999.999999999998,
    "percentile_99": 13600.0
  }
}