{
  "canary-read-schema": {
    "data": {
      "5": 5000,
      "6": 5000,
      "7": 27000,
      "8": 5000,
      "10": 26000,
      "11": 5000,
      "12": 29000,
      "13": 5000,
      "14": 25000,
      "15": 29000,
      "16": 27000,
      "17": 27000,
      "18": 26000,
      "19": 26000,
      "20": 30000,
      "27": 19000,
      "28": 6000
    },
    "mean": 18941.176470588234,
    "median": 26000.0,
    "variance": 108525951.55709343,
    "standard_deviation": 10417.578968123707,
    "percentile_50": 26000.0,
    "percentile_75": 27000.0,
    "percentile_90": 29000.0,
    "percentile_95": 29200.0,
    "percentile_99": 29840.0
  },
  "canary-read-schema-mgmt": {
    "data": {
      "5": 5000,
      "6": 5000,
      "7": 9000,
      "8": 4000,
      "10": 28000,
      "11": 10000,
      "12": 8000,
      "13": 5000,
      "14": 9000,
      "15": 8000,
      "16": 13000,
      "17": 9000,
      "18": 28000,
      "19": 9000,
      "20": 9000,
      "27": 5000,
      "28": 5000
    },
    "mean": 9941.176470588236,
    "median": 9000.0,
    "variance": 48878892.73356401,
    "standard_deviation": 6991.344129247538,
    "percentile_50": 9000.0,
    "percentile_75": 9000.0,
    "percentile_90": 19000.000000000007,
    "percentile_95": 28000.0,
    "percentile_99": 28000.0
  },
  "canary-stream-batch.read": {
    "data": {
      "5": 7000,
      "6": 6000,
      "7": 102000,
      "8": 7000,
      "10": 103000,
      "11": 103000,
      "12": 103000,
      "13": 5000,
      "14": 103000,
      "15": 103000,
      "16": 103000,
      "17": 103000,
      "18": 102000,
      "19": 103000,
      "20": 103000,
      "27": 114000,
      "28": 8000
    },
    "mean": 75176.4705882353,
    "median": 103000.0,
    "variance": 1966615916.955017,
    "standard_deviation": 44346.543461187786,
    "percentile_50": 103000.0,
    "percentile_75": 103000.0,
    "percentile_90": 103000.0,
    "percentile_95": 105199.99999999999,
    "percentile_99": 112240.0
  },
  "canary-stream-batch.write": {
    "data": {
      "5": 4000,
      "6": 5000,
      "7": 8000,
      "8": 11000,
      "10": 8000,
      "11": 8000,
      "12": 20000,
      "13": 5000,
      "14": 20000,
      "15": 9000,
      "16": 7000,
      "17": 8000,
      "18": 10000,
      "19": 9000,
      "20": 8000,
      "27": 5000,
      "28": 5000
    },
    "mean": 8823.529411764706,
    "median": 8000.0,
    "variance": 20262975.77854671,
    "standard_deviation": 4501.441522284468,
    "percentile_50": 8000.0,
    "percentile_75": 9000.0,
    "percentile_90": 14600.000000000004,
    "percentile_95": 20000.0,
    "percentile_99": 20000.0
  },
  "canary-stream.read": {
    "data": {
      "5": 5000,
      "6": 7000,
      "7": 6000,
      "8": 7000,
      "10": 7000,
      "11": 7000,
      "12": 6000,
      "13": 7000,
      "14": 6000,
      "15": 6000,
      "16": 7000,
      "17": 6000,
      "18": 6000,
      "19": 6000,
      "20": 6000,
      "27": 18000,
      "28": 7000
    },
    "mean": 7058.823529411765,
    "median": 6000.0,
    "variance": 7820069.204152248,
    "standard_deviation": 2796.438664471697,
    "percentile_50": 6000.0,
    "percentile_75": 7000.0,
    "percentile_90": 7000.0,
    "percentile_95": 9199.999999999993,
    "percentile_99": 16239.999999999998
  },
  "canary-stream-seq.read": {
    "data": {
      "5": 7000,
      "6": 6000,
      "7": 6000,
      "8": 6000,
      "10": 8000,
      "11": 6000,
      "12": 7000,
      "13": 7000,
      "14": 6000,
      "15": 6000,
      "16": 7000,
      "17": 6000,
      "18": 7000,
      "19": 6000,
      "20": 43000,
      "27": 10000,
      "28": 7000
    },
    "mean": 8882.35294117647,
    "median": 7000.0,
    "variance": 73750865.05190313,
    "standard_deviation": 8587.832383780154,
    "percentile_50": 7000.0,
    "percentile_75": 7000.0,
    "percentile_90": 8800.0,
    "percentile_95": 16599.999999999978,
    "percentile_99": 37720.0
  },
  "canary-stream-seq.write": {
    "data": {
      "5": 5000,
      "6": 5000,
      "7": 5000,
      "8": 5000,
      "10": 4000,
      "11": 5000,
      "12": 9000,
      "13": 14000,
      "14": 7000,
      "15": 5000,
      "16": 5000,
      "17": 5000,
      "18": 5000,
      "19": 5000,
      "20": 5000,
      "27": 14000,
      "28": 5000
    },
    "mean": 6352.941176470588,
    "median": 5000.0,
    "variance": 8934256.055363322,
    "standard_deviation": 2989.022591979412,
    "percentile_50": 5000.0,
    "percentile_75": 5000.0,
    "percentile_90": 11000.000000000002,
    "percentile_95": 14000.0,
    "percentile_99": 14000.0
  }
}