{
  "canary-read-schema": {
    "data": {
      "5": 5000,
      "6": 5000,
      "7": 27000,
      "8": 5000,
      "10": 26000,
      "11": 5000,
      "12": 29000,
      "13": 5000,
      "14": 25000,
      "15": 29000,
      "16": 27000,
      "17": 27000
    },
    "mean": 17916.666666666668,
    "median": 25500.0,
    "variance": 120243055.55555557,
    "standard_deviation": 10965.539455747517,
    "percentile_50": 25500.0,
    "percentile_75": 27000.0,
    "percentile_90": 28800.0,
    "percentile_95": 29000.0,
    "percentile_99": 29000.0
  },
  "canary-read-schema-mgmt": {
    "data": {
      "5": 5000,
      "6": 5000,
      "7": 9000,
      "8": 4000,
      "10": 28000,
      "11": 10000,
      "12": 8000,
      "13": 5000,
      "14": 9000,
      "15": 8000,
      "16": 13000,
      "17": 9000
    },
    "mean": 9416.666666666666,
    "median": 8500.0,
    "variance": 37576388.88888889,
    "standard_deviation": 6129.958310534329,
    "percentile_50": 8500.0,
    "percentile_75": 9250.0,
    "percentile_90": 12700.0,
    "percentile_95": 19749.99999999999,
    "percentile_99": 26350.000000000007
  },
  "canary-stream-batch.read": {
    "data": {
      "5": 7000,
      "6": 6000,
      "7": 102000,
      "8": 7000,
      "10": 103000,
      "11": 103000,
      "12": 103000,
      "13": 5000,
      "14": 103000,
      "15": 103000,
      "16": 103000,
      "17": 103000
    },
    "mean": 70666.66666666667,
    "median": 103000.0,
    "variance": 2075055555.555555,
    "standard_deviation": 45552.77769308426,
    "percentile_50": 103000.0,
    "percentile_75": 103000.0,
    "percentile_90": 103000.0,
    "percentile_95": 103000.0,
    "percentile_99": 103000.0
  },
  "canary-stream-batch.write": {
    "data": {
      "5": 4000,
      "6": 5000,
      "7": 8000,
      "8": 11000,
      "10": 8000,
      "11": 8000,
      "12": 20000,
      "13": 5000,
      "14": 20000,
      "15": 9000,
      "16": 7000,
      "17": 8000
    },
    "mean": 9416.666666666666,
    "median": 8000.0,
    "variance": 25743055.555555556,
    "standard_deviation": 5073.761479962924,
    "percentile_50": 8000.0,
    "percentile_75": 9500.0,
    "percentile_90": 19100.000000000004,
    "percentile_95": 20000.0,
    "percentile_99": 20000.0
  },
  "canary-stream.read": {
    "data": {
      "5": 5000,
      "6": 7000,
      "7": 6000,
      "8": 7000,
      "10": 7000,
      "11": 7000,
      "12": 6000,
      "13": 7000,
      "14": 6000,
      "15": 6000,
      "16": 7000,
      "17": 6000
    },
    "mean": 6416.666666666667,
    "median": 6500.0,
    "variance": 409722.2222222222,
    "standard_deviation": 640.0954789890507,
    "percentile_50": 6500.0,
    "percentile_75": 7000.0,
    "percentile_90": 7000.0,
    "percentile_95": 7000.0,
    "percentile_99": 7000.0
  },
  "canary-stream-seq.read": {
    "data": {
      "5": 7000,
      "6": 6000,
      "7": 6000,
      "8": 6000,
      "10": 8000,
      "11": 6000,
      "12": 7000,
      "13": 7000,
      "14": 6000,
      "15": 6000,
      "16": 7000,
      "17": 6000
    },
    "mean": 6500.0,
    "median": 6000.0,
    "variance": 416666.6666666667,
    "standard_deviation": 645.4972243679028,
    "percentile_50": 6000.0,
    "percentile_75": 7000.0,
    "percentile_90": 7000.0,
    "percentile_95": 7449.999999999999,
    "percentile_99": 7890.000000000001
  },
  "canary-stream-seq.write": {
    "data": {
      "5": 5000,
      "6": 5000,
      "7": 5000,
      "8": 5000,
      "10": 4000,
      "11": 5000,
      "12": 9000,
      "13": 14000,
      "14": 7000,
      "15": 5000,
      "16": 5000,
      "17": 5000
    },
    "mean": 6166.666666666667,
    "median": 5000.0,
    "variance": 7138888.888888887,
    "standard_deviation": 2671.869923646899,
    "percentile_50": 5000.0,
    "percentile_75": 5500.0,
    "percentile_90": 8800.0,
    "percentile_95": 11249.999999999996,
    "percentile_99": 13450.000000000004
  }
}