{
  "canary-read-schema": {
    "data": {
      "5": 5000,
      "6": 5000,
      "7": 27000,
      "8": 5000,
      "10": 26000,
      "11": 5000,
      "12": 29000,
      "13": 5000,
      "14": 25000,
      "15": 29000,
      "16": 27000,
      "17": 27000,
      "18": 26000,
      "19": 26000,
      "20": 30000,
      "27": 19000,
      "28": 6000,
      "29": 25000,
      "30": 58000,
      "32": 5000,
      "33": 5000,
      "34": 32000,
      "37": 6000,
      "38": 5000
    },
    "mean": 19083.333333333332,
    "median": 25000.0,
    "variance": 180326388.88888893,
    "standard_deviation": 13428.566151636925,
    "percentile_50": 25000.0,
    "percentile_75": 27000.0,
    "percentile_90": 29700.0,
    "percentile_95": 31699.999999999996,
    "percentile_99": 52019.999999999985
  },
  "canary-read-schema-mgmt": {
    "data": {
      "5": 5000,
      "6": 5000,
      "7": 9000,
      "8": 4000,
      "10": 28000,
      "11": 10000,
      "12": 8000,
      "13": 5000,
      "14": 9000,
      "15": 8000,
      "16": 13000,
      "17": 9000,
      "18": 28000,
      "19": 9000,
      "20": 9000,
      "27": 5000,
      "28": 5000,
      "29": 27000,
      "30": 10000,
      "32": 5000,
      "33": 5000,
      "34": 11000,
      "37": 7000,
      "38": 5000
    },
    "mean": 9958.333333333334,
    "median": 8500.0,
    "variance": 50206597.22222221,
    "standard_deviation": 7085.661382130973,
    "percentile_50": 8500.0,
    "percentile_75": 10000.0,
    "percentile_90": 22799.999999999993,
    "percentile_95": 27849.999999999996,
    "percentile_99": 28000.0
  },
  "canary-stream-batch.read": {
    "data": {
      "5": 7000,
      "6": 6000,
      "7": 102000,
      "8": 7000,
      "10": 103000,
      "11": 103000,
      "12": 103000,
      "13": 5000,
      "14": 103000,
      "15": 103000,
      "16": 103000,
      "17": 103000,
      "18": 102000,
      "19": 103000,
      "20": 103000,
      "27": 114000,
      "28": 8000,
      "29": 102000,
      "30": 132000,
      "32": 7000,
      "33": 7000,
      "34": 103000,
      "37": 104000,
      "38": 7000
    },
    "mean": 72500.0,
    "median": 103000.0,
    "variance": 2198250000.0,
    "standard_deviation": 46885.49882426335,
    "percentile_50": 103000.0,
    "percentile_75": 103000.0,
    "percentile_90": 103700.0,
    "percentile_95": 112499.99999999997,
    "percentile_99": 127860.0
  },
  "canary-stream-batch.write": {
    "data": {
      "5": 4000,
      "6": 5000,
      "7": 8000,
      "8": 11000,
      "10": 8000,
      "11": 8000,
      "12": 20000,
      "13": 5000,
      "14": 20000,
      "15": 9000,
      "16": 7000,
      "17": 8000,
      "18": 10000,
      "19": 9000,
      "20": 8000,
      "27": 5000,
      "28": 5000,
      "29": 18000,
      "30": 30000,
      "32": 5000,
      "33": 5000,
      "34": 21000,
      "37": 4000,
      "38": 5000
    },
    "mean": 9916.666666666666,
    "median": 8000.0,
    "variance": 44326388.88888889,
    "standard_deviation": 6657.806612457956,
    "percentile_50": 8000.0,
    "percentile_75": 10250.0,
    "percentile_90": 20000.0,
    "percentile_95": 20849.999999999996,
    "percentile_99": 27929.999999999996
  },
  "canary-stream.read": {
    "data": {
      "5": 5000,
      "6": 7000,
      "7": 6000,
      "8": 7000,
      "10": 7000,
      "11": 7000,
      "12": 6000,
      "13": 7000,
      "14": 6000,
      "15": 6000,
      "16": 7000,
      "17": 6000,
      "18": 6000,
      "19": 6000,
      "20": 6000,
      "27": 18000,
      "28": 7000,
      "29": 6000,
      "30": 26000,
      "32": 7000,
      "33": 6000,
      "34": 5000,
      "37": 6000,
      "38": 7000
    },
    "mean": 7625.0,
    "median": 6000.0,
    "variance": 20484375.0,
    "standard_deviation": 4525.966747557918,
    "percentile_50": 6000.0,
    "percentile_75": 7000.0,
    "percentile_90": 7000.0,
    "percentile_95": 16349.999999999976,
    "percentile_99": 24159.999999999996
  },
  "canary-stream-seq.read": {
    "data": {
      "5": 7000,
      "6": 6000,
      "7": 6000,
      "8": 6000,
      "10": 8000,
      "11": 6000,
      "12": 7000,
      "13": 7000,
      "14": 6000,
      "15": 6000,
      "16": 7000,
      "17": 6000,
      "18": 7000,
      "19": 6000,
      "20": 43000,
      "27": 10000,
      "28": 7000,
      "29": 7000,
      "30": 23000,
      "32": 7000,
      "33": 6000,
      "34": 6000,
      "37": 7000,
      "38": 6000
    },
    "mean": 8875.0,
    "median": 7000.0,
    "variance": 62026041.666666664,
    "standard_deviation": 7875.661347891151,
    "percentile_50": 7000.0,
    "percentile_75": 7000.0,
    "percentile_90": 9399.999999999998,
    "percentile_95": 21049.99999999997,
    "percentile_99": 38399.99999999999
  },
  "canary-stream-seq.write": {
    "data": {
      "5": 5000,
      "6": 5000,
      "7": 5000,
      "8": 5000,
      "10": 4000,
      "11": 5000,
      "12": 9000,
      "13": 14000,
      "14": 7000,
      "15": 5000,
      "16": 5000,
      "17": 5000,
      "18": 5000,
      "19": 5000,
      "20": 5000,
      "27": 14000,
      "28": 5000,
      "29": 8000,
      "30": 14000,
      "32": 5000,
      "33": 5000,
      "34": 7000,
      "37": 6000,
      "38": 5000
    },
    "mean": 6583.333333333333,
    "median": 5000.0,
    "variance": 9076388.88888889,
    "standard_deviation": 3012.70458042087,
    "percentile_50": 5000.0,
    "percentile_75": 7000.0,
    "percentile_90": 12499.999999999996,
    "percentile_95": 14000.0,
    "percentile_99": 14000.0
  }
}