{
  "canary-read-schema": {
    "data": {
      "5": 5000,
      "6": 5000,
      "7": 27000,
      "8": 5000,
      "10": 26000,
      "11": 5000,
      "12": 29000,
      "13": 5000,
      "14": 25000,
      "15": 29000,
      "16": 27000,
      "17": 27000,
      "18": 26000,
      "19": 26000,
      "20": 30000,
      "27": 19000,
      "28": 6000,
      "29": 25000,
      "30": 58000,
      "32": 5000,
      "33": 5000,
      "34": 32000,
      "37": 6000,
      "38": 5000,
      "39": 27000,
      "43": 26000,
      "51": 5000,
      "52": 6000,
      "53": 5000,
      "60": 5000,
      "63": 5000,
      "64": 5000,
      "88": 5000,
      "89": 28000,
      "90": 26000,
      "91": 28000,
      "92": 27000,
      "93": 28000,
      "94": 25000,
      "95": 5000,
      "96": 27000,
      "97": 5000
    },
    "mean": 17761.904761904763,
    "median": 25000.0,
    "variance": 156419501.1337868,
    "standard_deviation": 12506.778207587548,
    "percentile_50": 25000.0,
    "percentile_75": 27000.0,
    "percentile_90": 28900.0,
    "percentile_95": 29949.999999999996,
    "percentile_99": 47339.999999999905
  },
  "canary-read-schema-mgmt": {
    "data": {
      "5": 5000,
      "6": 5000,
      "7": 9000,
      "8": 4000,
      "10": 28000,
      "11": 10000,
      "12": 8000,
      "13": 5000,
      "14": 9000,
      "15": 8000,
      "16": 13000,
      "17": 9000,
      "18": 28000,
      "19": 9000,
      "20": 9000,
      "27": 5000,
      "28": 5000,
      "29": 27000,
      "30": 10000,
      "32": 5000,
      "33": 5000,
      "34": 11000,
      "37": 7000,
      "38": 5000,
      "39": 9000,
      "43": 9000,
      "51": 6000,
      "52": 4000,
      "53": 5000,
      "60": 5000,
      "63": 4000,
      "64": 5000,
      "88": 5000,
      "89": 28000,
      "90": 9000,
      "91": 10000,
      "92": 9000,
      "93": 9000,
      "94": 28000,
      "95": 5000,
      "96": 9000,
      "97": 4000
    },
    "mean": 9571.42857142857,
    "median": 8500.0,
    "variance": 50006802.721088424,
    "standard_deviation": 7071.548820526407,
    "percentile_50": 8500.0,
    "percentile_75": 9000.0,
    "percentile_90": 25599.999999999978,
    "percentile_95": 28000.0,
    "percentile_99": 28000.0
  },
  "canary-stream-batch.read": {
    "data": {
      "5": 7000,
      "6": 6000,
      "7": 102000,
      "8": 7000,
      "10": 103000,
      "11": 103000,
      "12": 103000,
      "13": 5000,
      "14": 103000,
      "15": 103000,
      "16": 103000,
      "17": 103000,
      "18": 102000,
      "19": 103000,
      "20": 103000,
      "27": 114000,
      "28": 8000,
      "29": 102000,
      "30": 132000,
      "32": 7000,
      "33": 7000,
      "34": 103000,
      "37": 104000,
      "38": 7000,
      "39": 103000,
      "43": 125000,
      "51": 7000,
      "52": 7000,
      "53": 7000,
      "60": 6000,
      "63": 24000,
      "64": 8000,
      "88": 6000,
      "89": 103000,
      "90": 104000,
      "91": 103000,
      "92": 103000,
      "93": 102000,
      "94": 102000,
      "95": 8000,
      "96": 103000,
      "97": 7000
    },
    "mean": 65904.76190476191,
    "median": 102000.0,
    "variance": 2327371882.086168,
    "standard_deviation": 48242.84280684719,
    "percentile_50": 102000.0,
    "percentile_75": 103000.0,
    "percentile_90": 103900.0,
    "percentile_95": 113499.99999999996,
    "percentile_99": 129129.99999999997
  },
  "canary-stream-batch.write": {
    "data": {
      "5": 4000,
      "6": 5000,
      "7": 8000,
      "8": 11000,
      "10": 8000,
      "11": 8000,
      "12": 20000,
      "13": 5000,
      "14": 20000,
      "15": 9000,
      "16": 7000,
      "17": 8000,
      "18": 10000,
      "19": 9000,
      "20": 8000,
      "27": 5000,
      "28": 5000,
      "29": 18000,
      "30": 30000,
      "32": 5000,
      "33": 5000,
      "34": 21000,
      "37": 4000,
      "38": 5000,
      "39": 21000,
      "43": 9000,
      "51": 4000,
      "52": 6000,
      "53": 4000,
      "60": 5000,
      "63": 4000,
      "64": 5000,
      "88": 5000,
      "89": 8000,
      "90": 19000,
      "91": 8000,
      "92": 23000,
      "93": 22000,
      "94": 8000,
      "95": 4000,
      "96": 8000,
      "97": 5000
    },
    "mean": 9666.666666666666,
    "median": 8000.0,
    "variance": 44079365.079365075,
    "standard_deviation": 6639.229253412257,
    "percentile_50": 8000.0,
    "percentile_75": 9750.0,
    "percentile_90": 20900.0,
    "percentile_95": 21949.999999999996,
    "percentile_99": 27129.999999999975
  },
  "canary-stream.read": {
    "data": {
      "5": 5000,
      "6": 7000,
      "7": 6000,
      "8": 7000,
      "10": 7000,
      "11": 7000,
      "12": 6000,
      "13": 7000,
      "14": 6000,
      "15": 6000,
      "16": 7000,
      "17": 6000,
      "18": 6000,
      "19": 6000,
      "20": 6000,
      "27": 18000,
      "28": 7000,
      "29": 6000,
      "30": 26000,
      "32": 7000,
      "33": 6000,
      "34": 5000,
      "37": 6000,
      "38": 7000,
      "39": 6000,
      "43": 8000,
      "51": 6000,
      "52": 7000,
      "53": 7000,
      "60": 7000,
      "63": 9000,
      "64": 8000,
      "88": 7000,
      "89": 7000,
      "90": 6000,
      "91": 6000,
      "92": 7000,
      "93": 6000,
      "94": 7000,
      "95": 8000,
      "96": 5000,
      "97": 7000
    },
    "mean": 7309.523809523809,
    "median": 7000.0,
    "variance": 12213718.82086168,
    "standard_deviation": 3494.8131310360045,
    "percentile_50": 7000.0,
    "percentile_75": 7000.0,
    "percentile_90": 8000.0,
    "percentile_95": 8949.999999999996,
    "percentile_99": 22719.99999999997
  },
  "canary-stream-seq.read": {
    "data": {
      "5": 7000,
      "6": 6000,
      "7": 6000,
      "8": 6000,
      "10": 8000,
      "11": 6000,
      "12": 7000,
      "13": 7000,
      "14": 6000,
      "15": 6000,
      "16": 7000,
      "17": 6000,
      "18": 7000,
      "19": 6000,
      "20": 43000,
      "27": 10000,
      "28": 7000,
      "29": 7000,
      "30": 23000,
      "32": 7000,
      "33": 6000,
      "34": 6000,
      "37": 7000,
      "38": 6000,
      "39": 6000,
      "43": 6000,
      "51": 6000,
      "52": 7000,
      "53": 7000,
      "60": 7000,
      "63": 8000,
      "64": 7000,
      "88": 7000,
      "89": 8000,
      "90": 8000,
      "91": 7000,
      "92": 7000,
      "93": 6000,
      "94": 8000,
      "95": 6000,
      "96": 7000,
      "97": 6000
    },
    "mean": 8023.809523809524,
    "median": 7000.0,
    "variance": 36642290.249433145,
    "standard_deviation": 6053.287557140595,
    "percentile_50": 7000.0,
    "percentile_75": 7000.0,
    "percentile_90": 8000.0,
    "percentile_95": 9899.99999999999,
    "percentile_99": 34799.99999999993
  },
  "canary-stream-seq.write": {
    "data": {
      "5": 5000,
      "6": 5000,
      "7": 5000,
      "8": 5000,
      "10": 4000,
      "11": 5000,
      "12": 9000,
      "13": 14000,
      "14": 7000,
      "15": 5000,
      "16": 5000,
      "17": 5000,
      "18": 5000,
      "19": 5000,
      "20": 5000,
      "27": 14000,
      "28": 5000,
      "29": 8000,
      "30": 14000,
      "32": 5000,
      "33": 5000,
      "34": 7000,
      "37": 6000,
      "38": 5000,
      "39": 6000,
      "43": 5000,
      "51": 5000,
      "52": 7000,
      "53": 4000,
      "60": 4000,
      "63": 4000,
      "64": 5000,
      "88": 5000,
      "89": 4000,
      "90": 8000,
      "91": 5000,
      "92": 5000,
      "93": 7000,
      "94": 4000,
      "95": 5000,
      "96": 5000,
      "97": 6000
    },
    "mean": 6000.0,
    "median": 5000.0,
    "variance": 6190476.19047619,
    "standard_deviation": 2488.0667576405963,
    "percentile_50": 5000.0,
    "percentile_75": 6000.0,
    "percentile_90": 8000.0,
    "percentile_95": 13749.999999999978,
    "percentile_99": 14000.0
  }
}