{
  "stream-batch.read": {
    "data": {
      "51": 118000,
      "52": 120000,
      "55": 119000,
      "56": 226000,
      "59": 120000,
      "64": 224000,
      "65": 116000,
      "69": 114000,
      "72": 120000,
      "73": 115000,
      "74": 113000,
      "75": 30000
    },
    "mean": 127916.66666666667,
    "median": 118500.0,
    "variance": 2460909722.222222,
    "standard_deviation": 49607.557107987304,
    "percentile_50": 118500.0,
    "percentile_75": 120000.0,
    "percentile_90": 213600.00000000006,
    "percentile_95": 224900.0,
    "percentile_99": 225780.0
  },
  "stream-seq.read": {
    "data": {
      "51": 10000,
      "52": 12000,
      "55": 17000,
      "56": 9000,
      "59": 9000,
      "64": 13000,
      "65": 10000,
      "69": 9000,
      "72": 8000,
      "73": 9000,
      "74": 9000,
      "75": 11000
    },
    "mean": 10500.0,
    "median": 9500.0,
    "variance": 5750000.0,
    "standard_deviation": 2397.91576165636,
    "percentile_50": 9500.0,
    "percentile_75": 11250.0,
    "percentile_90": 12900.0,
    "percentile_95": 14799.999999999996,
    "percentile_99": 16560.000000000004
  },
  "stream.read": {
    "data": {
      "51": 11000,
      "52": 50000,
      "55": 13000,
      "56": 14000,
      "59": 12000,
      "64": 47000,
      "65": 8000,
      "69": 9000,
      "72": 8000,
      "73": 8000,
      "74": 8000,
      "75": 10000
    },
    "mean": 16500.0,
    "median": 10500.0,
    "variance": 209083333.33333334,
    "standard_deviation": 14459.714151162649,
    "percentile_50": 10500.0,
    "percentile_75": 13250.0,
    "percentile_90": 43700.000000000015,
    "percentile_95": 48350.0,
    "percentile_99": 49670.0
  },
  "deploy-test-stack-create-schema": {
    "data": {
      "64": 48000,
      "65": 48000,
      "69": 54000,
      "72": 15000,
      "73": 52000,
      "74": 32000,
      "75": 33000
    },
    "mean": 40285.71428571428,
    "median": 48000.0,
    "variance": 172204081.63265303,
    "standard_deviation": 13122.65528133133,
    "percentile_50": 48000.0,
    "percentile_75": 50000.0,
    "percentile_90": 52800.0,
    "percentile_95": 53400.0,
    "percentile_99": 53880.0
  },
  "deploy-test-stack-read-schema": {
    "data": {
      "64": 25000,
      "65": 10000,
      "69": 29000,
      "72": 26000,
      "73": 29000,
      "74": 10000,
      "75": 9000
    },
    "mean": 19714.285714285714,
    "median": 25000.0,
    "variance": 77632653.06122449,
    "standard_deviation": 8810.9393972053,
    "percentile_50": 25000.0,
    "percentile_75": 27500.0,
    "percentile_90": 29000.0,
    "percentile_95": 29000.0,
    "percentile_99": 29000.0
  },
  "deploy-test-stack-read-schema_2": {
    "data": {
      "72": 33000,
      "73": 31000,
      "74": 33000,
      "75": 34000
    },
    "mean": 32750.0,
    "median": 33000.0,
    "variance": 1187500.0,
    "standard_deviation": 1089.7247358851685,
    "percentile_50": 33000.0,
    "percentile_75": 33250.0,
    "percentile_90": 33700.0,
    "percentile_95": 33850.0,
    "percentile_99": 33970.0
  },
  "deploy-test-stack-update-schema-field-alias": {
    "data": {
      "72": 27000,
      "73": 26000,
      "74": 27000,
      "75": 29000
    },
    "mean": 27250.0,
    "median": 27000.0,
    "variance": 1187500.0,
    "standard_deviation": 1089.7247358851685,
    "percentile_50": 27000.0,
    "percentile_75": 27500.0,
    "percentile_90": 28400.0,
    "percentile_95": 28700.0,
    "percentile_99": 28940.0
  },
  "deploy-test-stack-read-schema-mgmt": {
    "data": {
      "73": 28000,
      "74": 9000,
      "75": 27000
    },
    "mean": 21333.333333333332,
    "median": 27000.0,
    "variance": 76222222.22222222,
    "standard_deviation": 8730.53390247253,
    "percentile_50": 27000.0,
    "percentile_75": 27500.0,
    "percentile_90": 27800.0,
    "percentile_95": 27900.0,
    "percentile_99": 27980.0
  }
}