{
  "stream-batch.read": {
    "data": {
      "51": 118000,
      "52": 120000,
      "55": 119000,
      "56": 226000
    },
    "mean": 145750.0,
    "median": 119500.0,
    "variance": 2147187500.0,
    "standard_deviation": 46337.75458521917,
    "percentile_50": 119500.0,
    "percentile_75": 146500.0,
    "percentile_90": 194200.0,
    "percentile_95": 210099.99999999994,
    "percentile_99": 222819.99999999997
  },
  "stream-seq.read": {
    "data": {
      "51": 10000,
      "52": 12000,
      "55": 17000,
      "56": 9000
    },
    "mean": 12000.0,
    "median": 11000.0,
    "variance": 9500000.0,
    "standard_deviation": 3082.207001484488,
    "percentile_50": 11000.0,
    "percentile_75": 13250.0,
    "percentile_90": 15500.0,
    "percentile_95": 16249.999999999998,
    "percentile_99": 16850.0
  },
  "stream.read": {
    "data": {
      "51": 11000,
      "52": 50000,
      "55": 13000,
      "56": 14000
    },
    "mean": 22000.0,
    "median": 13500.0,
    "variance": 262500000.0,
    "standard_deviation": 16201.85174601965,
    "percentile_50": 13500.0,
    "percentile_75": 23000.0,
    "percentile_90": 39200.00000000001,
    "percentile_95": 44599.999999999985,
    "percentile_99": 48919.99999999999
  }
}