{
  "stream-batch.read": {
    "data": {
      "51": 118000,
      "52": 120000,
      "55": 119000,
      "56": 226000,
      "59": 120000,
      "64": 224000,
      "65": 116000,
      "69": 114000,
      "72": 120000,
      "73": 115000,
      "74": 113000,
      "75": 30000,
      "77": 124000
    },
    "mean": 127615.38461538461,
    "median": 119000.0,
    "variance": 2272698224.8520713,
    "standard_deviation": 47672.82480462083,
    "percentile_50": 119000.0,
    "percentile_75": 120000.0,
    "percentile_90": 204000.00000000006,
    "percentile_95": 224800.0,
    "percentile_99": 225760.0
  },
  "stream-seq.read": {
    "data": {
      "51": 10000,
      "52": 12000,
      "55": 17000,
      "56": 9000,
      "59": 9000,
      "64": 13000,
      "65": 10000,
      "69": 9000,
      "72": 8000,
      "73": 9000,
      "74": 9000,
      "75": 11000,
      "77": 10000
    },
    "mean": 10461.538461538461,
    "median": 10000.0,
    "variance": 5325443.786982248,
    "standard_deviation": 2307.6923076923076,
    "percentile_50": 10000.0,
    "percentile_75": 11000.0,
    "percentile_90": 12800.0,
    "percentile_95": 14599.999999999995,
    "percentile_99": 16519.999999999996
  },
  "stream.read": {
    "data": {
      "51": 11000,
      "52": 50000,
      "55": 13000,
      "56": 14000,
      "59": 12000,
      "64": 47000,
      "65": 8000,
      "69": 9000,
      "72": 8000,
      "73": 8000,
      "74": 8000,
      "75": 10000,
      "77": 9000
    },
    "mean": 15923.076923076924,
    "median": 10000.0,
    "variance": 196994082.84023678,
    "standard_deviation": 14035.458055946618,
    "percentile_50": 10000.0,
    "percentile_75": 13000.0,
    "percentile_90": 40400.00000000002,
    "percentile_95": 48199.99999999999,
    "percentile_99": 49640.0
  },
  "deploy-test-stack-create-schema": {
    "data": {
      "64": 48000,
      "65": 48000,
      "69": 54000,
      "72": 15000,
      "73": 52000,
      "74": 32000,
      "75": 33000,
      "77": 32000
    },
    "mean": 39250.0,
    "median": 40500.0,
    "variance": 158187500.0,
    "standard_deviation": 12577.261228105266,
    "percentile_50": 40500.0,
    "percentile_75": 49000.0,
    "percentile_90": 52600.0,
    "percentile_95": 53300.0,
    "percentile_99": 53860.0
  },
  "deploy-test-stack-read-schema": {
    "data": {
      "64": 25000,
      "65": 10000,
      "69": 29000,
      "72": 26000,
      "73": 29000,
      "74": 10000,
      "75": 9000,
      "77": 24000
    },
    "mean": 20250.0,
    "median": 24500.0,
    "variance": 69937500.0,
    "standard_deviation": 8362.864341838866,
    "percentile_50": 24500.0,
    "percentile_75": 26750.0,
    "percentile_90": 29000.0,
    "percentile_95": 29000.0,
    "percentile_99": 29000.0
  },
  "deploy-test-stack-read-schema_2": {
    "data": {
      "72": 33000,
      "73": 31000,
      "74": 33000,
      "75": 34000,
      "77": 31000
    },
    "mean": 32400.0,
    "median": 33000.0,
    "variance": 1440000.0,
    "standard_deviation": 1200.0,
    "percentile_50": 33000.0,
    "percentile_75": 33000.0,
    "percentile_90": 33600.0,
    "percentile_95": 33800.0,
    "percentile_99": 33960.0
  },
  "deploy-test-stack-update-schema-field-alias": {
    "data": {
      "72": 27000,
      "73": 26000,
      "74": 27000,
      "75": 29000,
      "77": 26000
    },
    "mean": 27000.0,
    "median": 27000.0,
    "variance": 1200000.0,
    "standard_deviation": 1095.4451150103323,
    "percentile_50": 27000.0,
    "percentile_75": 27000.0,
    "percentile_90": 28200.0,
    "percentile_95": 28600.0,
    "percentile_99": 28920.0
  },
  "deploy-test-stack-read-schema-mgmt": {
    "data": {
      "73": 28000,
      "74": 9000,
      "75": 27000,
      "77": 8000
    },
    "mean": 18000.0,
    "median": 18000.0,
    "variance": 90500000.0,
    "standard_deviation": 9513.148795220224,
    "percentile_50": 18000.0,
    "percentile_75": 27250.0,
    "percentile_90": 27700.0,
    "percentile_95": 27850.0,
    "percentile_99": 27970.0
  }
}