{
  "stream-batch.read": {
    "data": {
      "51": 118000,
      "52": 120000,
      "55": 119000,
      "56": 226000,
      "59": 120000,
      "64": 224000,
      "65": 116000,
      "69": 114000,
      "72": 120000,
      "73": 115000,
      "74": 113000,
      "75": 30000,
      "77": 124000,
      "78": 121000
    },
    "mean": 127142.85714285714,
    "median": 119500.0,
    "variance": 2113265306.1224487,
    "standard_deviation": 45970.265456297384,
    "percentile_50": 119500.0,
    "percentile_75": 120750.0,
    "percentile_90": 194000.00000000012,
    "percentile_95": 224700.0,
    "percentile_99": 225740.0
  },
  "stream-seq.read": {
    "data": {
      "51": 10000,
      "52": 12000,
      "55": 17000,
      "56": 9000,
      "59": 9000,
      "64": 13000,
      "65": 10000,
      "69": 9000,
      "72": 8000,
      "73": 9000,
      "74": 9000,
      "75": 11000,
      "77": 10000,
      "78": 10000
    },
    "mean": 10428.57142857143,
    "median": 10000.0,
    "variance": 4959183.673469388,
    "standard_deviation": 2226.922466874271,
    "percentile_50": 10000.0,
    "percentile_75": 10750.0,
    "percentile_90": 12700.000000000002,
    "percentile_95": 14399.999999999998,
    "percentile_99": 16479.999999999996
  },
  "stream.read": {
    "data": {
      "51": 11000,
      "52": 50000,
      "55": 13000,
      "56": 14000,
      "59": 12000,
      "64": 47000,
      "65": 8000,
      "69": 9000,
      "72": 8000,
      "73": 8000,
      "74": 8000,
      "75": 10000,
      "77": 9000,
      "78": 9000
    },
    "mean": 15428.57142857143,
    "median": 9500.0,
    "variance": 186102040.81632662,
    "standard_deviation": 13641.922181874761,
    "percentile_50": 9500.0,
    "percentile_75": 12750.0,
    "percentile_90": 37100.00000000004,
    "percentile_95": 48050.0,
    "percentile_99": 49610.0
  },
  "deploy-test-stack-create-schema": {
    "data": {
      "64": 48000,
      "65": 48000,
      "69": 54000,
      "72": 15000,
      "73": 52000,
      "74": 32000,
      "75": 33000,
      "77": 32000,
      "78": 48000,
      "37": 49000,
      "38": 33000,
      "39": 50000,
      "40": 47000,
      "41": 53000,
      "43": 53000,
      "44": 49000,
      "45": 50000,
      "46": 49000,
      "47": 32000,
      "50": 50000,
      "51": 54000,
      "56": 51000,
      "57": 31000,
      "58": 54000,
      "61": 29000
    },
    "mean": 43840.0,
    "median": 49000.0,
    "variance": 108934400.0,
    "standard_deviation": 10437.164365861065,
    "percentile_50": 49000.0,
    "percentile_75": 51000.0,
    "percentile_90": 53600.0,
    "percentile_95": 54000.0,
    "percentile_99": 54000.0
  },
  "deploy-test-stack-read-schema": {
    "data": {
      "64": 25000,
      "65": 10000,
      "69": 29000,
      "72": 26000,
      "73": 29000,
      "74": 10000,
      "75": 9000,
      "77": 24000,
      "78": 8000,
      "37": 28000,
      "38": 27000,
      "39": 25000,
      "40": 24000,
      "41": 25000,
      "43": 26000,
      "44": 24000,
      "45": 26000,
      "46": 26000,
      "47": 8000,
      "50": 8000,
      "51": 27000,
      "56": 8000,
      "57": 26000,
      "58": 7000,
      "61": 8000
    },
    "mean": 19720.0,
    "median": 25000.0,
    "variance": 73401600.0,
    "standard_deviation": 8567.473373171346,
    "percentile_50": 25000.0,
    "percentile_75": 26000.0,
    "percentile_90": 27600.0,
    "percentile_95": 28799.999999999996,
    "percentile_99": 29000.0
  },
  "deploy-test-stack-read-schema_2": {
    "data": {
      "72": 33000,
      "73": 31000,
      "74": 33000,
      "75": 34000,
      "77": 31000,
      "78": 32000,
      "37": 31000,
      "38": 37000,
      "39": 33000,
      "40": 31000,
      "41": 33000,
      "43": 36000,
      "44": 31000,
      "45": 33000,
      "46": 33000,
      "47": 13000,
      "50": 34000,
      "51": 31000,
      "56": 34000,
      "57": 33000,
      "58": 30000,
      "61": 13000
    },
    "mean": 30909.090909090908,
    "median": 33000.0,
    "variance": 34809917.3553719,
    "standard_deviation": 5899.9929962138,
    "percentile_50": 33000.0,
    "percentile_75": 33000.0,
    "percentile_90": 34000.0,
    "percentile_95": 35900.0,
    "percentile_99": 36790.0
  },
  "deploy-test-stack-update-schema-field-alias": {
    "data": {
      "72": 27000,
      "73": 26000,
      "74": 27000,
      "75": 29000,
      "77": 26000,
      "78": 27000,
      "37": 26000,
      "38": 31000,
      "39": 28000,
      "40": 26000,
      "41": 28000,
      "43": 29000,
      "44": 26000,
      "45": 28000,
      "46": 27000,
      "47": 8000,
      "50": 29000,
      "51": 25000,
      "56": 29000,
      "57": 27000,
      "58": 25000,
      "61": 8000
    },
    "mean": 25545.454545454544,
    "median": 27000.0,
    "variance": 32884297.52066116,
    "standard_deviation": 5734.483195603694,
    "percentile_50": 27000.0,
    "percentile_75": 28000.0,
    "percentile_90": 29000.0,
    "percentile_95": 29000.0,
    "percentile_99": 30580.0
  },
  "deploy-test-stack-read-schema-mgmt": {
    "data": {
      "73": 28000,
      "74": 9000,
      "75": 27000,
      "77": 8000,
      "78": 25000,
      "37": 24000,
      "38": 27000,
      "39": 24000,
      "40": 23000,
      "41": 26000,
      "43": 29000,
      "44": 23000,
      "45": 25000,
      "46": 22000,
      "47": 7000,
      "50": 24000,
      "51": 26000,
      "56": 8000,
      "57": 24000,
      "58": 27000,
      "61": 23000
    },
    "mean": 21857.14285714286,
    "median": 24000.0,
    "variance": 48312925.17006803,
    "standard_deviation": 6950.7499717705305,
    "percentile_50": 24000.0,
    "percentile_75": 26000.0,
    "percentile_90": 27000.0,
    "percentile_95": 28000.0,
    "percentile_99": 28800.0
  },
  "catalog.read": {
    "data": {
      "37": 17000,
      "38": 15000,
      "39": 17000,
      "40": 20000,
      "41": 17000,
      "43": 19000,
      "44": 20000,
      "45": 17000,
      "46": 20000,
      "47": 20000,
      "50": 17000,
      "51": 20000,
      "56": 21000,
      "57": 21000,
      "58": 17000,
      "61": 22000
    },
    "mean": 18750.0,
    "median": 19500.0,
    "variance": 3812500.0,
    "standard_deviation": 1952.5624189766636,
    "percentile_50": 19500.0,
    "percentile_75": 20000.0,
    "percentile_90": 21000.0,
    "percentile_95": 21250.0,
    "percentile_99": 21850.0
  },
  "deploy-test-stack-create-stats-schema": {
    "data": {
      "37": 7000,
      "38": 8000,
      "39": 8000,
      "40": 7000,
      "41": 8000,
      "43": 8000,
      "44": 7000,
      "45": 7000,
      "46": 7000,
      "47": 6000,
      "50": 7000,
      "51": 8000,
      "56": 8000,
      "57": 10000,
      "58": 8000,
      "61": 8000
    },
    "mean": 7625.0,
    "median": 8000.0,
    "variance": 734375.0,
    "standard_deviation": 856.9568250501305,
    "percentile_50": 8000.0,
    "percentile_75": 8000.0,
    "percentile_90": 8000.0,
    "percentile_95": 8500.0,
    "percentile_99": 9700.0
  },
  "deploy-test-stack-stream-batch.read": {
    "data": {
      "37": 112000,
      "38": 112000,
      "39": 111000,
      "40": 109000,
      "41": 111000,
      "43": 115000,
      "44": 111000,
      "45": 112000,
      "46": 113000,
      "47": 112000,
      "50": 111000,
      "51": 111000,
      "56": 111000,
      "57": 113000,
      "58": 110000,
      "61": 111000
    },
    "mean": 111562.5,
    "median": 111000.0,
    "variance": 1746093.75,
    "standard_deviation": 1321.3984069916235,
    "percentile_50": 111000.0,
    "percentile_75": 112000.0,
    "percentile_90": 113000.0,
    "percentile_95": 113500.0,
    "percentile_99": 114700.0
  },
  "deploy-test-stack-stream-batch.write": {
    "data": {
      "37": 43000,
      "38": 40000,
      "39": 40000,
      "40": 46000,
      "41": 42000,
      "43": 50000,
      "44": 45000,
      "45": 40000,
      "46": 42000,
      "47": 30000,
      "50": 42000,
      "51": 47000,
      "56": 49000,
      "57": 46000,
      "58": 39000,