{
  "stream-batch.read": {
    "data": {
      "51": 118000,
      "52": 120000,
      "55": 119000,
      "56": 226000,
      "59": 120000,
      "64": 224000
    },
    "mean": 154500.0,
    "median": 120000.0,
    "variance": 2485916666.6666665,
    "standard_deviation": 49858.967765755704,
    "percentile_50": 120000.0,
    "percentile_75": 198000.0,
    "percentile_90": 225000.0,
    "percentile_95": 225500.0,
    "percentile_99": 225900.0
  },
  "stream-seq.read": {
    "data": {
      "51": 10000,
      "52": 12000,
      "55": 17000,
      "56": 9000,
      "59": 9000,
      "64": 13000
    },
    "mean": 11666.666666666666,
    "median": 11000.0,
    "variance": 7888888.888888888,
    "standard_deviation": 2808.716591058786,
    "percentile_50": 11000.0,
    "percentile_75": 12750.0,
    "percentile_90": 15000.0,
    "percentile_95": 16000.0,
    "percentile_99": 16800.0
  },
  "stream.read": {
    "data": {
      "51": 11000,
      "52": 50000,
      "55": 13000,
      "56": 14000,
      "59": 12000,
      "64": 47000
    },
    "mean": 24500.0,
    "median": 13500.0,
    "variance": 289583333.3333333,
    "standard_deviation": 17017.148213885113,
    "percentile_50": 13500.0,
    "percentile_75": 38750.0,
    "percentile_90": 48500.0,
    "percentile_95": 49250.0,
    "percentile_99": 49850.0
  },
  "deploy-test-stack-create-schema": {
    "data": {
      "64": 48000
    },
    "mean": 48000.0,
    "median": 48000.0,
    "variance": 0.0,
    "standard_deviation": 0.0,
    "percentile_50": 48000.0,
    "percentile_75": 48000.0,
    "percentile_90": 48000.0,
    "percentile_95": 48000.0,
    "percentile_99": 48000.0
  },
  "deploy-test-stack-read-schema": {
    "data": {
      "64": 25000
    },
    "mean": 25000.0,
    "median": 25000.0,
    "variance": 0.0,
    "standard_deviation": 0.0,
    "percentile_50": 25000.0,
    "percentile_75": 25000.0,
    "percentile_90": 25000.0,
    "percentile_95": 25000.0,
    "percentile_99": 25000.0
  }
}