{
  "stream-batch.read": {
    "data": {
      "51": 118000,
      "52": 120000,
      "55": 119000,
      "56": 226000,
      "59": 120000,
      "64": 224000,
      "65": 116000,
      "69": 114000,
      "72": 120000,
      "73": 115000,
      "74": 113000,
      "75": 30000,
      "77": 124000,
      "78": 121000
    },
    "mean": 127142.85714285714,
    "median": 119500.0,
    "variance": 2113265306.1224487,
    "standard_deviation": 45970.265456297384,
    "percentile_50": 119500.0,
    "percentile_75": 120750.0,
    "percentile_90": 194000.00000000012,
    "percentile_95": 224700.0,
    "percentile_99": 225740.0
  },
  "stream-seq.read": {
    "data": {
      "51": 10000,
      "52": 12000,
      "55": 17000,
      "56": 9000,
      "59": 9000,
      "64": 13000,
      "65": 10000,
      "69": 9000,
      "72": 8000,
      "73": 9000,
      "74": 9000,
      "75": 11000,
      "77": 10000,
      "78": 10000
    },
    "mean": 10428.57142857143,
    "median": 10000.0,
    "variance": 4959183.673469388,
    "standard_deviation": 2226.922466874271,
    "percentile_50": 10000.0,
    "percentile_75": 10750.0,
    "percentile_90": 12700.000000000002,
    "percentile_95": 14399.999999999998,
    "percentile_99": 16479.999999999996
  },
  "stream.read": {
    "data": {
      "51": 11000,
      "52": 50000,
      "55": 13000,
      "56": 14000,
      "59": 12000,
      "64": 47000,
      "65": 8000,
      "69": 9000,
      "72": 8000,
      "73": 8000,
      "74": 8000,
      "75": 10000,
      "77": 9000,
      "78": 9000
    },
    "mean": 15428.57142857143,
    "median": 9500.0,
    "variance": 186102040.81632662,
    "standard_deviation": 13641.922181874761,
    "percentile_50": 9500.0,
    "percentile_75": 12750.0,
    "percentile_90": 37100.00000000004,
    "percentile_95": 48050.0,
    "percentile_99": 49610.0
  },
  "deploy-test-stack-create-schema": {
    "data": {
      "64": 48000,
      "65": 48000,
      "69": 54000,
      "72": 15000,
      "73": 52000,
      "74": 32000,
      "75": 33000,
      "77": 32000,
      "78": 48000,
      "37": 49000,
      "38": 33000,
      "39": 50000,
      "40": 47000,
      "41": 53000,
      "43": 53000
    },
    "mean": 43133.333333333336,
    "median": 48000.0,
    "variance": 120248888.8888889,
    "standard_deviation": 10965.805437307781,
    "percentile_50": 48000.0,
    "percentile_75": 51000.0,
    "percentile_90": 53000.0,
    "percentile_95": 53300.0,
    "percentile_99": 53860.0
  },
  "deploy-test-stack-read-schema": {
    "data": {
      "64": 25000,
      "65": 10000,
      "69": 29000,
      "72": 26000,
      "73": 29000,
      "74": 10000,
      "75": 9000,
      "77": 24000,
      "78": 8000,
      "37": 28000,
      "38": 27000,
      "39": 25000,
      "40": 24000,
      "41": 25000,
      "43": 26000
    },
    "mean": 21666.666666666668,
    "median": 25000.0,
    "variance": 58488888.88888887,
    "standard_deviation": 7647.802879839992,
    "percentile_50": 25000.0,
    "percentile_75": 26500.0,
    "percentile_90": 28600.0,
    "percentile_95": 29000.0,
    "percentile_99": 29000.0
  },
  "deploy-test-stack-read-schema_2": {
    "data": {
      "72": 33000,
      "73": 31000,
      "74": 33000,
      "75": 34000,
      "77": 31000,
      "78": 32000,
      "37": 31000,
      "38": 37000,
      "39": 33000,
      "40": 31000,
      "41": 33000,
      "43": 36000
    },
    "mean": 32916.666666666664,
    "median": 33000.0,
    "variance": 3576388.888888888,
    "standard_deviation": 1891.1342863183693,
    "percentile_50": 33000.0,
    "percentile_75": 33250.0,
    "percentile_90": 35800.0,
    "percentile_95": 36450.0,
    "percentile_99": 36890.0
  },
  "deploy-test-stack-update-schema-field-alias": {
    "data": {
      "72": 27000,
      "73": 26000,
      "74": 27000,
      "75": 29000,
      "77": 26000,
      "78": 27000,
      "37": 26000,
      "38": 31000,
      "39": 28000,
      "40": 26000,
      "41": 28000,
      "43": 29000
    },
    "mean": 27500.0,
    "median": 27000.0,
    "variance": 2250000.0,
    "standard_deviation": 1500.0,
    "percentile_50": 27000.0,
    "percentile_75": 28250.0,
    "percentile_90": 29000.0,
    "percentile_95": 29900.0,
    "percentile_99": 30780.0
  },
  "deploy-test-stack-read-schema-mgmt": {
    "data": {
      "73": 28000,
      "74": 9000,
      "75": 27000,
      "77": 8000,
      "78": 25000,
      "37": 24000,
      "38": 27000,
      "39": 24000,
      "40": 23000,
      "41": 26000,
      "43": 29000
    },
    "mean": 22727.272727272728,
    "median": 25000.0,
    "variance": 48016528.92561983,
    "standard_deviation": 6929.396000058002,
    "percentile_50": 25000.0,
    "percentile_75": 27000.0,
    "percentile_90": 28000.0,
    "percentile_95": 28500.0,
    "percentile_99": 28900.0
  },
  "catalog.read": {
    "data": {
      "37": 17000,
      "38": 15000,
      "39": 17000,
      "40": 20000,
      "41": 17000,
      "43": 19000
    },
    "mean": 17500.0,
    "median": 17000.0,
    "variance": 2583333.3333333335,
    "standard_deviation": 1607.2751268321592,
    "percentile_50": 17000.0,
    "percentile_75": 18500.0,
    "percentile_90": 19500.0,
    "percentile_95": 19750.0,
    "percentile_99": 19950.0
  },
  "deploy-test-stack-create-stats-schema": {
    "data": {
      "37": 7000,
      "38": 8000,
      "39": 8000,
      "40": 7000,
      "41": 8000,
      "43": 8000
    },
    "mean": 7666.666666666667,
    "median": 8000.0,
    "variance": 222222.22222222225,
    "standard_deviation": 471.4045207910317,
    "percentile_50": 8000.0,
    "percentile_75": 8000.0,
    "percentile_90": 8000.0,
    "percentile_95": 8000.0,
    "percentile_99": 8000.0
  },
  "deploy-test-stack-stream-batch.read": {
    "data": {
      "37": 112000,
      "38": 112000,
      "39": 111000,
      "40": 109000,
      "41": 111000,
      "43": 115000
    },
    "mean": 111666.66666666667,
    "median": 111500.0,
    "variance": 3222222.222222222,
    "standard_deviation": 1795.0549357115012,
    "percentile_50": 111500.0,
    "percentile_75": 112000.0,
    "percentile_90": 113500.0,
    "percentile_95": 114250.0,
    "percentile_99": 114850.0
  },
  "deploy-test-stack-stream-batch.write": {
    "data": {
      "37": 43000,
      "38": 40000,
      "39": 40000,
      "40": 46000,
      "41": 42000,
      "43": 50000
    },
    "mean": 43500.0,
    "median": 42500.0,
    "variance": 12583333.333333334,
    "standard_deviation": 3547.299442298794,
    "percentile_50": 42500.0,
    "percentile_75": 45250.0,
    "percentile_90": 48000.0,
    "percentile_95": 49000.0,
    "percentile_99": 49800.0
  },
  "deploy-test-stack-stream.read": {
    "data": {
      "37": 9000,
      "38": 8000,
      "39": 8000,
      "40": 8000,
      "41": 9000,
      "43": 9000
    },
    "mean": 8500.0,
    "median": 8500.0,
    "variance": 250000.0,
    "standard_deviation": 500.0,
    "percentile_50": 8500.0,
    "percentile_75": 9000.0,
    "percentile_90": 9000.0,
    "percentile_95": 9000.0,
    "percentile_99": 9000.0
  },
  "deploy-test-stack-stream-seq.read": {
    "data": {
      "37": 8000,
      "38": 7000,
      "39": 8000,
      "40": 8000,
      "41": 8000,
      "43": 9000
    },
    "mean": 8000.0,
    "median": 8000.0,
    "variance": 333333.3333333333,
    "standard_deviation": 577.3502691896257,
    "percentile_50": 8000.0,
    "percentile_75": 8000.0,
    "percentile_90": 8500.0,
    "percentile_95": 8750.0,
    "percentile_99": 8950.0
  },
  "deploy-test-stack-stream-seq.write": {
    "data": {
      "37": 5000,
      "38": 6000,
      "39": 9000,
      "40": 5000,
      "41": 5000,
      "43": 5000
    },
    "mean": 5833.333333333333,
    "median": 5000.0,
    "variance": 2138888.888888889,
    "standard_deviation": 1462.4940645653537,
    "percentile_50": 5000.0,
    "percentile_75": 5750.0,
    "percentile_90": 7500.0,
    "percentile_95": 8250.0,
    "percentile_99": 8850.0
  }
}