{
  "stream-batch.read": {
    "data": {
      "51": 118000,
      "52": 120000,
      "55": 119000,
      "56": 226000,
      "59": 120000,
      "64": 224000,
      "65": 116000,
      "69": 114000,
      "72": 120000,
      "73": 115000,
      "74": 113000,
      "75": 30000,
      "77": 124000,
      "78": 121000
    },
    "mean": 127142.85714285714,
    "median": 119500.0,
    "variance": 2113265306.1224487,
    "standard_deviation": 45970.265456297384,
    "percentile_50": 119500.0,
    "percentile_75": 120750.0,
    "percentile_90": 194000.00000000012,
    "percentile_95": 224700.0,
    "percentile_99": 225740.0
  },
  "stream-seq.read": {
    "data": {
      "51": 10000,
      "52": 12000,
      "55": 17000,
      "56": 9000,
      "59": 9000,
      "64": 13000,
      "65": 10000,
      "69": 9000,
      "72": 8000,
      "73": 9000,
      "74": 9000,
      "75": 11000,
      "77": 10000,
      "78": 10000
    },
    "mean": 10428.57142857143,
    "median": 10000.0,
    "variance": 4959183.673469388,
    "standard_deviation": 2226.922466874271,
    "percentile_50": 10000.0,
    "percentile_75": 10750.0,
    "percentile_90": 12700.000000000002,
    "percentile_95": 14399.999999999998,
    "percentile_99": 16479.999999999996
  },
  "stream.read": {
    "data": {
      "51": 11000,
      "52": 50000,
      "55": 13000,
      "56": 14000,
      "59": 12000,
      "64": 47000,
      "65": 8000,
      "69": 9000,
      "72": 8000,
      "73": 8000,
      "74": 8000,
      "75": 10000,
      "77": 9000,
      "78": 9000
    },
    "mean": 15428.57142857143,
    "median": 9500.0,
    "variance": 186102040.81632662,
    "standard_deviation": 13641.922181874761,
    "percentile_50": 9500.0,
    "percentile_75": 12750.0,
    "percentile_90": 37100.00000000004,
    "percentile_95": 48050.0,
    "percentile_99": 49610.0
  },
  "deploy-test-stack-create-schema": {
    "data": {
      "64": 48000,
      "65": 48000,
      "69": 54000,
      "72": 15000,
      "73": 52000,
      "74": 32000,
      "75": 33000,
      "77": 32000,
      "78": 48000,
      "37": 49000,
      "38": 33000,
      "39": 50000,
      "40": 47000,
      "41": 53000
    },
    "mean": 42428.57142857143,
    "median": 48000.0,
    "variance": 121387755.1020408,
    "standard_deviation": 11017.611134090765,
    "percentile_50": 48000.0,
    "percentile_75": 49750.0,
    "percentile_90": 52700.0,
    "percentile_95": 53350.0,
    "percentile_99": 53870.0
  },
  "deploy-test-stack-read-schema": {
    "data": {
      "64": 25000,
      "65": 10000,
      "69": 29000,
      "72": 26000,
      "73": 29000,
      "74": 10000,
      "75": 9000,
      "77": 24000,
      "78": 8000,
      "37": 28000,
      "38": 27000,
      "39": 25000,
      "40": 24000,
      "41": 25000
    },
    "mean": 21357.14285714286,
    "median": 25000.0,
    "variance": 61229591.836734705,
    "standard_deviation": 7824.933982899453,
    "percentile_50": 25000.0,
    "percentile_75": 26750.0,
    "percentile_90": 28700.0,
    "percentile_95": 29000.0,
    "percentile_99": 29000.0
  },
  "deploy-test-stack-read-schema_2": {
    "data": {
      "72": 33000,
      "73": 31000,
      "74": 33000,
      "75": 34000,
      "77": 31000,
      "78": 32000,
      "37": 31000,
      "38": 37000,
      "39": 33000,
      "40": 31000,
      "41": 33000
    },
    "mean": 32636.363636363636,
    "median": 33000.0,
    "variance": 2958677.685950413,
    "standard_deviation": 1720.0807207658636,
    "percentile_50": 33000.0,
    "percentile_75": 33000.0,
    "percentile_90": 34000.0,
    "percentile_95": 35500.0,
    "percentile_99": 36700.0
  },
  "deploy-test-stack-update-schema-field-alias": {
    "data": {
      "72": 27000,
      "73": 26000,
      "74": 27000,
      "75": 29000,
      "77": 26000,
      "78": 27000,
      "37": 26000,
      "38": 31000,
      "39": 28000,
      "40": 26000,
      "41": 28000
    },
    "mean": 27363.636363636364,
    "median": 27000.0,
    "variance": 2231404.9586776863,
    "standard_deviation": 1493.7887931959076,
    "percentile_50": 27000.0,
    "percentile_75": 28000.0,
    "percentile_90": 29000.0,
    "percentile_95": 30000.0,
    "percentile_99": 30800.0
  },
  "deploy-test-stack-read-schema-mgmt": {
    "data": {
      "73": 28000,
      "74": 9000,
      "75": 27000,
      "77": 8000,
      "78": 25000,
      "37": 24000,
      "38": 27000,
      "39": 24000,
      "40": 23000,
      "41": 26000
    },
    "mean": 22100.0,
    "median": 24500.0,
    "variance": 48490000.0,
    "standard_deviation": 6963.476143421473,
    "percentile_50": 24500.0,
    "percentile_75": 26750.0,
    "percentile_90": 27100.0,
    "percentile_95": 27550.0,
    "percentile_99": 27910.0
  },
  "catalog.read": {
    "data": {
      "37": 17000,
      "38": 15000,
      "39": 17000,
      "40": 20000,
      "41": 17000
    },
    "mean": 17200.0,
    "median": 17000.0,
    "variance": 2560000.0,
    "standard_deviation": 1600.0,
    "percentile_50": 17000.0,
    "percentile_75": 17000.0,
    "percentile_90": 18800.0,
    "percentile_95": 19400.0,
    "percentile_99": 19880.0
  },
  "deploy-test-stack-create-stats-schema": {
    "data": {
      "37": 7000,
      "38": 8000,
      "39": 8000,
      "40": 7000,
      "41": 8000
    },
    "mean": 7600.0,
    "median": 8000.0,
    "variance": 240000.0,
    "standard_deviation": 489.89794855663564,
    "percentile_50": 8000.0,
    "percentile_75": 8000.0,
    "percentile_90": 8000.0,
    "percentile_95": 8000.0,
    "percentile_99": 8000.0
  },
  "deploy-test-stack-stream-batch.read": {
    "data": {
      "37": 112000,
      "38": 112000,
      "39": 111000,
      "40": 109000,
      "41": 111000
    },
    "mean": 111000.0,
    "median": 111000.0,
    "variance": 1200000.0,
    "standard_deviation": 1095.4451150103323,
    "percentile_50": 111000.0,
    "percentile_75": 112000.0,
    "percentile_90": 112000.0,
    "percentile_95": 112000.0,
    "percentile_99": 112000.0
  },
  "deploy-test-stack-stream-batch.write": {
    "data": {
      "37": 43000,
      "38": 40000,
      "39": 40000,
      "40": 46000,
      "41": 42000
    },
    "mean": 42200.0,
    "median": 42000.0,
    "variance": 4960000.0,
    "standard_deviation": 2227.105745132009,
    "percentile_50": 42000.0,
    "percentile_75": 43000.0,
    "percentile_90": 44800.0,
    "percentile_95": 45400.0,
    "percentile_99": 45880.0
  },
  "deploy-test-stack-stream.read": {
    "data": {
      "37": 9000,
      "38": 8000,
      "39": 8000,
      "40": 8000,
      "41": 9000
    },
    "mean": 8400.0,
    "median": 8000.0,
    "variance": 240000.0,
    "standard_deviation": 489.89794855663564,
    "percentile_50": 8000.0,
    "percentile_75": 9000.0,
    "percentile_90": 9000.0,
    "percentile_95": 9000.0,
    "percentile_99": 9000.0
  },
  "deploy-test-stack-stream-seq.read": {
    "data": {
      "37": 8000,
      "38": 7000,
      "39": 8000,
      "40": 8000,
      "41": 8000
    },
    "mean": 7800.0,
    "median": 8000.0,
    "variance": 160000.0,
    "standard_deviation": 400.0,
    "percentile_50": 8000.0,
    "percentile_75": 8000.0,
    "percentile_90": 8000.0,
    "percentile_95": 8000.0,
    "percentile_99": 8000.0
  },
  "deploy-test-stack-stream-seq.write": {
    "data": {
      "37": 5000,
      "38": 6000,
      "39": 9000,
      "40": 5000,
      "41": 5000
    },
    "mean": 6000.0,
    "median": 5000.0,
    "variance": 2400000.0,
    "standard_deviation": 1549.1933384829667,
    "percentile_50": 5000.0,
    "percentile_75": 6000.0,
    "percentile_90": 7800.0,
    "percentile_95": 8400.0,
    "percentile_99": 8880.0
  }
}