{
  "stream-batch.read": {
    "data": {
      "51": 118000,
      "52": 120000,
      "55": 119000,
      "56": 226000,
      "59": 120000,
      "64": 224000,
      "65": 116000,
      "69": 114000,
      "72": 120000
    },
    "mean": 141888.88888888888,
    "median": 120000.0,
    "variance": 1977432098.7654321,
    "standard_deviation": 44468.32691664295,
    "percentile_50": 120000.0,
    "percentile_75": 120000.0,
    "percentile_90": 224400.0,
    "percentile_95": 225200.0,
    "percentile_99": 225840.0
  },
  "stream-seq.read": {
    "data": {
      "51": 10000,
      "52": 12000,
      "55": 17000,
      "56": 9000,
      "59": 9000,
      "64": 13000,
      "65": 10000,
      "69": 9000,
      "72": 8000
    },
    "mean": 10777.777777777777,
    "median": 10000.0,
    "variance": 7061728.395061729,
    "standard_deviation": 2657.3912762447553,
    "percentile_50": 10000.0,
    "percentile_75": 12000.0,
    "percentile_90": 13800.0,
    "percentile_95": 15399.999999999998,
    "percentile_99": 16680.0
  },
  "stream.read": {
    "data": {
      "51": 11000,
      "52": 50000,
      "55": 13000,
      "56": 14000,
      "59": 12000,
      "64": 47000,
      "65": 8000,
      "69": 9000,
      "72": 8000
    },
    "mean": 19111.11111111111,
    "median": 12000.0,
    "variance": 251209876.54320988,
    "standard_deviation": 15849.601778694941,
    "percentile_50": 12000.0,
    "percentile_75": 14000.0,
    "percentile_90": 47600.0,
    "percentile_95": 48800.0,
    "percentile_99": 49760.0
  },
  "deploy-test-stack-create-schema": {
    "data": {
      "64": 48000,
      "65": 48000,
      "69": 54000,
      "72": 15000
    },
    "mean": 41250.0,
    "median": 48000.0,
    "variance": 235687500.0,
    "standard_deviation": 15352.11711784404,
    "percentile_50": 48000.0,
    "percentile_75": 49500.0,
    "percentile_90": 52200.0,
    "percentile_95": 53100.0,
    "percentile_99": 53820.0
  },
  "deploy-test-stack-read-schema": {
    "data": {
      "64": 25000,
      "65": 10000,
      "69": 29000,
      "72": 26000
    },
    "mean": 22500.0,
    "median": 25500.0,
    "variance": 54250000.0,
    "standard_deviation": 7365.459931328118,
    "percentile_50": 25500.0,
    "percentile_75": 26750.0,
    "percentile_90": 28100.0,
    "percentile_95": 28550.0,
    "percentile_99": 28910.0
  },
  "deploy-test-stack-read-schema_2": {
    "data": {
      "72": 33000
    },
    "mean": 33000.0,
    "median": 33000.0,
    "variance": 0.0,
    "standard_deviation": 0.0,
    "percentile_50": 33000.0,
    "percentile_75": 33000.0,
    "percentile_90": 33000.0,
    "percentile_95": 33000.0,
    "percentile_99": 33000.0
  },
  "deploy-test-stack-update-schema-field-alias": {
    "data": {
      "72": 27000
    },
    "mean": 27000.0,
    "median": 27000.0,
    "variance": 0.0,
    "standard_deviation": 0.0,
    "percentile_50": 27000.0,
    "percentile_75": 27000.0,
    "percentile_90": 27000.0,
    "percentile_95": 27000.0,
    "percentile_99": 27000.0
  }
}