{
  "stream-batch.read": {
    "data": {
      "51": 118000,
      "52": 120000,
      "55": 119000,
      "56": 226000,
      "59": 120000,
      "64": 224000,
      "65": 116000,
      "69": 114000,
      "72": 120000,
      "73": 115000,
      "74": 113000,
      "75": 30000,
      "77": 124000,
      "78": 121000
    },
    "mean": 127142.85714285714,
    "median": 119500.0,
    "variance": 2113265306.1224487,
    "standard_deviation": 45970.265456297384,
    "percentile_50": 119500.0,
    "percentile_75": 120750.0,
    "percentile_90": 194000.00000000012,
    "percentile_95": 224700.0,
    "percentile_99": 225740.0
  },
  "stream-seq.read": {
    "data": {
      "51": 10000,
      "52": 12000,
      "55": 17000,
      "56": 9000,
      "59": 9000,
      "64": 13000,
      "65": 10000,
      "69": 9000,
      "72": 8000,
      "73": 9000,
      "74": 9000,
      "75": 11000,
      "77": 10000,
      "78": 10000
    },
    "mean": 10428.57142857143,
    "median": 10000.0,
    "variance": 4959183.673469388,
    "standard_deviation": 2226.922466874271,
    "percentile_50": 10000.0,
    "percentile_75": 10750.0,
    "percentile_90": 12700.000000000002,
    "percentile_95": 14399.999999999998,
    "percentile_99": 16479.999999999996
  },
  "stream.read": {
    "data": {
      "51": 11000,
      "52": 50000,
      "55": 13000,
      "56": 14000,
      "59": 12000,
      "64": 47000,
      "65": 8000,
      "69": 9000,
      "72": 8000,
      "73": 8000,
      "74": 8000,
      "75": 10000,
      "77": 9000,
      "78": 9000
    },
    "mean": 15428.57142857143,
    "median": 9500.0,
    "variance": 186102040.81632662,
    "standard_deviation": 13641.922181874761,
    "percentile_50": 9500.0,
    "percentile_75": 12750.0,
    "percentile_90": 37100.00000000004,
    "percentile_95": 48050.0,
    "percentile_99": 49610.0
  },
  "deploy-test-stack-create-schema": {
    "data": {
      "64": 48000,
      "65": 48000,
      "69": 54000,
      "72": 15000,
      "73": 52000,
      "74": 32000,
      "75": 33000,
      "77": 32000,
      "78": 48000,
      "37": 49000,
      "38": 33000,
      "39": 50000,
      "40": 47000,
      "41": 53000,
      "43": 53000,
      "44": 49000,
      "45": 50000,
      "46": 49000
    },
    "mean": 44166.666666666664,
    "median": 48500.0,
    "variance": 105583333.33333336,
    "standard_deviation": 10275.375094532235,
    "percentile_50": 48500.0,
    "percentile_75": 50000.0,
    "percentile_90": 53000.0,
    "percentile_95": 53150.0,
    "percentile_99": 53830.0
  },
  "deploy-test-stack-read-schema": {
    "data": {
      "64": 25000,
      "65": 10000,
      "69": 29000,
      "72": 26000,
      "73": 29000,
      "74": 10000,
      "75": 9000,
      "77": 24000,
      "78": 8000,
      "37": 28000,
      "38": 27000,
      "39": 25000,
      "40": 24000,
      "41": 25000,
      "43": 26000,
      "44": 24000,
      "45": 26000,
      "46": 26000
    },
    "mean": 22277.777777777777,
    "median": 25000.0,
    "variance": 50756172.83950617,
    "standard_deviation": 7124.336659613032,
    "percentile_50": 25000.0,
    "percentile_75": 26000.0,
    "percentile_90": 28300.0,
    "percentile_95": 29000.0,
    "percentile_99": 29000.0
  },
  "deploy-test-stack-read-schema_2": {
    "data": {
      "72": 33000,
      "73": 31000,
      "74": 33000,
      "75": 34000,
      "77": 31000,
      "78": 32000,
      "37": 31000,
      "38": 37000,
      "39": 33000,
      "40": 31000,
      "41": 33000,
      "43": 36000,
      "44": 31000,
      "45": 33000,
      "46": 33000
    },
    "mean": 32800.0,
    "median": 33000.0,
    "variance": 3093333.3333333335,
    "standard_deviation": 1758.7874611030559,
    "percentile_50": 33000.0,
    "percentile_75": 33000.0,
    "percentile_90": 35200.0,
    "percentile_95": 36300.0,
    "percentile_99": 36860.0
  },
  "deploy-test-stack-update-schema-field-alias": {
    "data": {
      "72": 27000,
      "73": 26000,
      "74": 27000,
      "75": 29000,
      "77": 26000,
      "78": 27000,
      "37": 26000,
      "38": 31000,
      "39": 28000,
      "40": 26000,
      "41": 28000,
      "43": 29000,
      "44": 26000,
      "45": 28000,
      "46": 27000
    },
    "mean": 27400.0,
    "median": 27000.0,
    "variance": 1973333.3333333333,
    "standard_deviation": 1404.7538337136984,
    "percentile_50": 27000.0,
    "percentile_75": 28000.0,
    "percentile_90": 29000.0,
    "percentile_95": 29599.999999999996,
    "percentile_99": 30720.0
  },
  "deploy-test-stack-read-schema-mgmt": {
    "data": {
      "73": 28000,
      "74": 9000,
      "75": 27000,
      "77": 8000,
      "78": 25000,
      "37": 24000,
      "38": 27000,
      "39": 24000,
      "40": 23000,
      "41": 26000,
      "43": 29000,
      "44": 23000,
      "45": 25000,
      "46": 22000
    },
    "mean": 22857.14285714286,
    "median": 24500.0,
    "variance": 38122448.97959184,
    "standard_deviation": 6174.337938564088,
    "percentile_50": 24500.0,
    "percentile_75": 26750.0,
    "percentile_90": 27700.0,
    "percentile_95": 28350.0,
    "percentile_99": 28870.0
  },
  "catalog.read": {
    "data": {
      "37": 17000,
      "38": 15000,
      "39": 17000,
      "40": 20000,
      "41": 17000,
      "43": 19000,
      "44": 20000,
      "45": 17000,
      "46": 20000
    },
    "mean": 18000.0,
    "median": 17000.0,
    "variance": 2888888.888888889,
    "standard_deviation": 1699.673171197595,
    "percentile_50": 17000.0,
    "percentile_75": 20000.0,
    "percentile_90": 20000.0,
    "percentile_95": 20000.0,
    "percentile_99": 20000.0
  },
  "deploy-test-stack-create-stats-schema": {
    "data": {
      "37": 7000,
      "38": 8000,
      "39": 8000,
      "40": 7000,
      "41": 8000,
      "43": 8000,
      "44": 7000,
      "45": 7000,
      "46": 7000
    },
    "mean": 7444.444444444444,
    "median": 7000.0,
    "variance": 246913.58024691357,
    "standard_deviation": 496.9039949999532,
    "percentile_50": 7000.0,
    "percentile_75": 8000.0,
    "percentile_90": 8000.0,
    "percentile_95": 8000.0,
    "percentile_99": 8000.0
  },
  "deploy-test-stack-stream-batch.read": {
    "data": {
      "37": 112000,
      "38": 112000,
      "39": 111000,
      "40": 109000,
      "41": 111000,
      "43": 115000,
      "44": 111000,
      "45": 112000,
      "46": 113000
    },
    "mean": 111777.77777777778,
    "median": 112000.0,
    "variance": 2395061.7283950616,
    "standard_deviation": 1547.598697464902,
    "percentile_50": 112000.0,
    "percentile_75": 112000.0,
    "percentile_90": 113400.0,
    "percentile_95": 114200.0,
    "percentile_99": 114840.0
  },
  "deploy-test-stack-stream-batch.write": {
    "data": {
      "37": 43000,
      "38": 40000,
      "39": 40000,
      "40": 46000,
      "41": 42000,
      "43": 50000,
      "44": 45000,
      "45": 40000,
      "46": 42000
    },
    "mean": 43111.11111111111,
    "median": 42000.0,
    "variance": 10098765.432098767,
    "standard_deviation": 3177.8554769055763,
    "percentile_50": 42000.0,
    "percentile_75": 45000.0,
    "percentile_90": 46800.0,
    "percentile_95": 48400.0,
    "percentile_99": 49680.0
  },
  "deploy-test-stack-stream.read": {
    "data": {
      "37": 9000,
      "38": 8000,
      "39": 8000,
      "40": 8000,
      "41": 9000,
      "43": 9000,
      "44": 9000,
      "45": 9000,
      "46": 9000
    },
    "mean": 8666.666666666666,
    "median": 9000.0,
    "variance": 222222.2222222222,
    "standard_deviation": 471.40452079103164,
    "percentile_50": 9000.0,
    "percentile_75": 9000.0,
    "percentile_90": 9000.0,
    "percentile_95": 9000.0,
    "percentile_99": 9000.0
  },
  "deploy-test-stack-stream-seq.read": {
    "data": {
      "37": 8000,
      "38": 7000,
      "39": 8000,
      "40": 8000,
      "41": 8000,
      "43": 9000,
      "44": 8000,
      "45": 8000,
      "46": 8000
    },
    "mean": 8000.0,
    "median": 8000.0,
    "variance": 222222.22222222222,