{
  "stream-batch.read": {
    "data": {
      "51": 118000,
      "52": 120000,
      "55": 119000,
      "56": 226000,
      "59": 120000,
      "64": 224000,
      "65": 116000,
      "69": 114000
    },
    "mean": 144625.0,
    "median": 119500.0,
    "variance": 2157234375.0,
    "standard_deviation": 46446.03723677619,
    "percentile_50": 119500.0,
    "percentile_75": 146000.0,
    "percentile_90": 224600.0,
    "percentile_95": 225300.0,
    "percentile_99": 225860.0
  },
  "stream-seq.read": {
    "data": {
      "51": 10000,
      "52": 12000,
      "55": 17000,
      "56": 9000,
      "59": 9000,
      "64": 13000,
      "65": 10000,
      "69": 9000
    },
    "mean": 11125.0,
    "median": 10000.0,
    "variance": 6859375.0,
    "standard_deviation": 2619.0408549696203,
    "percentile_50": 10000.0,
    "percentile_75": 12250.0,
    "percentile_90": 14200.0,
    "percentile_95": 15599.999999999998,
    "percentile_99": 16720.0
  },
  "stream.read": {
    "data": {
      "51": 11000,
      "52": 50000,
      "55": 13000,
      "56": 14000,
      "59": 12000,
      "64": 47000,
      "65": 8000,
      "69": 9000
    },
    "mean": 20500.0,
    "median": 12500.0,
    "variance": 265250000.0,
    "standard_deviation": 16286.497474902331,
    "percentile_50": 12500.0,
    "percentile_75": 22250.0,
    "percentile_90": 47900.0,
    "percentile_95": 48950.0,
    "percentile_99": 49790.0
  },
  "deploy-test-stack-create-schema": {
    "data": {
      "64": 48000,
      "65": 48000,
      "69": 54000
    },
    "mean": 50000.0,
    "median": 48000.0,
    "variance": 8000000.0,
    "standard_deviation": 2828.42712474619,
    "percentile_50": 48000.0,
    "percentile_75": 51000.0,
    "percentile_90": 52800.0,
    "percentile_95": 53400.0,
    "percentile_99": 53880.0
  },
  "deploy-test-stack-read-schema": {
    "data": {
      "64": 25000,
      "65": 10000,
      "69": 29000
    },
    "mean": 21333.333333333332,
    "median": 25000.0,
    "variance": 66888888.88888889,
    "standard_deviation": 8178.562764256864,
    "percentile_50": 25000.0,
    "percentile_75": 27000.0,
    "percentile_90": 28200.0,
    "percentile_95": 28600.0,
    "percentile_99": 28920.0
  }
}