{
  "stream-batch.read": {
    "data": {
      "51": 118000,
      "52": 120000,
      "55": 119000,
      "56": 226000,
      "59": 120000,
      "64": 224000,
      "65": 116000,
      "69": 114000,
      "72": 120000,
      "73": 115000,
      "74": 113000,
      "75": 30000,
      "77": 124000,
      "78": 121000
    },
    "mean": 127142.85714285714,
    "median": 119500.0,
    "variance": 2113265306.1224487,
    "standard_deviation": 45970.265456297384,
    "percentile_50": 119500.0,
    "percentile_75": 120750.0,
    "percentile_90": 194000.00000000012,
    "percentile_95": 224700.0,
    "percentile_99": 225740.0
  },
  "stream-seq.read": {
    "data": {
      "51": 10000,
      "52": 12000,
      "55": 17000,
      "56": 9000,
      "59": 9000,
      "64": 13000,
      "65": 10000,
      "69": 9000,
      "72": 8000,
      "73": 9000,
      "74": 9000,
      "75": 11000,
      "77": 10000,
      "78": 10000
    },
    "mean": 10428.57142857143,
    "median": 10000.0,
    "variance": 4959183.673469388,
    "standard_deviation": 2226.922466874271,
    "percentile_50": 10000.0,
    "percentile_75": 10750.0,
    "percentile_90": 12700.000000000002,
    "percentile_95": 14399.999999999998,
    "percentile_99": 16479.999999999996
  },
  "stream.read": {
    "data": {
      "51": 11000,
      "52": 50000,
      "55": 13000,
      "56": 14000,
      "59": 12000,
      "64": 47000,
      "65": 8000,
      "69": 9000,
      "72": 8000,
      "73": 8000,
      "74": 8000,
      "75": 10000,
      "77": 9000,
      "78": 9000
    },
    "mean": 15428.57142857143,
    "median": 9500.0,
    "variance": 186102040.81632662,
    "standard_deviation": 13641.922181874761,
    "percentile_50": 9500.0,
    "percentile_75": 12750.0,
    "percentile_90": 37100.00000000004,
    "percentile_95": 48050.0,
    "percentile_99": 49610.0
  },
  "deploy-test-stack-create-schema": {
    "data": {
      "64": 48000,
      "65": 48000,
      "69": 54000,
      "72": 15000,
      "73": 52000,
      "74": 32000,
      "75": 33000,
      "77": 32000,
      "78": 48000,
      "37": 49000,
      "38": 33000
    },
    "mean": 40363.63636363636,
    "median": 48000.0,
    "variance": 132958677.68595043,
    "standard_deviation": 11530.770905969403,
    "percentile_50": 48000.0,
    "percentile_75": 48500.0,
    "percentile_90": 52000.0,
    "percentile_95": 53000.0,
    "percentile_99": 53800.0
  },
  "deploy-test-stack-read-schema": {
    "data": {
      "64": 25000,
      "65": 10000,
      "69": 29000,
      "72": 26000,
      "73": 29000,
      "74": 10000,
      "75": 9000,
      "77": 24000,
      "78": 8000,
      "37": 28000,
      "38": 27000
    },
    "mean": 20454.545454545456,
    "median": 25000.0,
    "variance": 74066115.70247933,
    "standard_deviation": 8606.167306210084,
    "percentile_50": 25000.0,
    "percentile_75": 27500.0,
    "percentile_90": 29000.0,
    "percentile_95": 29000.0,
    "percentile_99": 29000.0
  },
  "deploy-test-stack-read-schema_2": {
    "data": {
      "72": 33000,
      "73": 31000,
      "74": 33000,
      "75": 34000,
      "77": 31000,
      "78": 32000,
      "37": 31000,
      "38": 37000
    },
    "mean": 32750.0,
    "median": 32500.0,
    "variance": 3687500.0,
    "standard_deviation": 1920.286436967152,
    "percentile_50": 32500.0,
    "percentile_75": 33250.0,
    "percentile_90": 34900.0,
    "percentile_95": 35950.0,
    "percentile_99": 36790.0
  },
  "deploy-test-stack-update-schema-field-alias": {
    "data": {
      "72": 27000,
      "73": 26000,
      "74": 27000,
      "75": 29000,
      "77": 26000,
      "78": 27000,
      "37": 26000,
      "38": 31000
    },
    "mean": 27375.0,
    "median": 27000.0,
    "variance": 2734375.0,
    "standard_deviation": 1653.594569415369,
    "percentile_50": 27000.0,
    "percentile_75": 27500.0,
    "percentile_90": 29600.0,
    "percentile_95": 30300.0,
    "percentile_99": 30860.0
  },
  "deploy-test-stack-read-schema-mgmt": {
    "data": {
      "73": 28000,
      "74": 9000,
      "75": 27000,
      "77": 8000,
      "78": 25000,
      "37": 24000,
      "38": 27000
    },
    "mean": 21142.85714285714,
    "median": 25000.0,
    "variance": 65551020.408163264,
    "standard_deviation": 8096.358465888431,
    "percentile_50": 25000.0,
    "percentile_75": 27000.0,
    "percentile_90": 27400.0,
    "percentile_95": 27700.0,
    "percentile_99": 27940.0
  },
  "catalog.read": {
    "data": {
      "37": 17000,
      "38": 15000
    },
    "mean": 16000.0,
    "median": 16000.0,
    "variance": 1000000.0,
    "standard_deviation": 1000.0,
    "percentile_50": 16000.0,
    "percentile_75": 16500.0,
    "percentile_90": 16800.0,
    "percentile_95": 16900.0,
    "percentile_99": 16980.0
  },
  "deploy-test-stack-create-stats-schema": {
    "data": {
      "37": 7000,
      "38": 8000
    },
    "mean": 7500.0,
    "median": 7500.0,
    "variance": 250000.0,
    "standard_deviation": 500.0,
    "percentile_50": 7500.0,
    "percentile_75": 7750.0,
    "percentile_90": 7900.0,
    "percentile_95": 7950.0,
    "percentile_99": 7990.0
  },
  "deploy-test-stack-stream-batch.read": {
    "data": {
      "37": 112000,
      "38": 112000
    },
    "mean": 112000.0,
    "median": 112000.0,
    "variance": 0.0,
    "standard_deviation": 0.0,
    "percentile_50": 112000.0,
    "percentile_75": 112000.0,
    "percentile_90": 112000.0,
    "percentile_95": 112000.0,
    "percentile_99": 112000.0
  },
  "deploy-test-stack-stream-batch.write": {
    "data": {
      "37": 43000,
      "38": 40000
    },
    "mean": 41500.0,
    "median": 41500.0,
    "variance": 2250000.0,
    "standard_deviation": 1500.0,
    "percentile_50": 41500.0,
    "percentile_75": 42250.0,
    "percentile_90": 42700.0,
    "percentile_95": 42850.0,
    "percentile_99": 42970.0
  },
  "deploy-test-stack-stream.read": {
    "data": {
      "37": 9000,
      "38": 8000
    },
    "mean": 8500.0,
    "median": 8500.0,
    "variance": 250000.0,
    "standard_deviation": 500.0,
    "percentile_50": 8500.0,
    "percentile_75": 8750.0,
    "percentile_90": 8900.0,
    "percentile_95": 8950.0,
    "percentile_99": 8990.0
  },
  "deploy-test-stack-stream-seq.read": {
    "data": {
      "37": 8000,
      "38": 7000
    },
    "mean": 7500.0,
    "median": 7500.0,
    "variance": 250000.0,
    "standard_deviation": 500.0,
    "percentile_50": 7500.0,
    "percentile_75": 7750.0,
    "percentile_90": 7900.0,
    "percentile_95": 7950.0,
    "percentile_99": 7990.0
  },
  "deploy-test-stack-stream-seq.write": {
    "data": {
      "37": 5000,
      "38": 6000
    },
    "mean": 5500.0,
    "median": 5500.0,
    "variance": 250000.0,
    "standard_deviation": 500.0,
    "percentile_50": 5500.0,
    "percentile_75": 5750.0,
    "percentile_90": 5900.0,
    "percentile_95": 5950.0,
    "percentile_99": 5990.0
  }
}