{
  "stream-batch.read": {
    "data": {
      "51": 118000,
      "52": 120000,
      "55": 119000,
      "56": 226000,
      "59": 120000,
      "64": 224000,
      "65": 116000,
      "69": 114000,
      "72": 120000,
      "73": 115000,
      "74": 113000,
      "75": 30000,
      "77": 124000,
      "78": 121000
    },
    "mean": 127142.85714285714,
    "median": 119500.0,
    "variance": 2113265306.1224487,
    "standard_deviation": 45970.265456297384,
    "percentile_50": 119500.0,
    "percentile_75": 120750.0,
    "percentile_90": 194000.00000000012,
    "percentile_95": 224700.0,
    "percentile_99": 225740.0
  },
  "stream-seq.read": {
    "data": {
      "51": 10000,
      "52": 12000,
      "55": 17000,
      "56": 9000,
      "59": 9000,
      "64": 13000,
      "65": 10000,
      "69": 9000,
      "72": 8000,
      "73": 9000,
      "74": 9000,
      "75": 11000,
      "77": 10000,
      "78": 10000
    },
    "mean": 10428.57142857143,
    "median": 10000.0,
    "variance": 4959183.673469388,
    "standard_deviation": 2226.922466874271,
    "percentile_50": 10000.0,
    "percentile_75": 10750.0,
    "percentile_90": 12700.000000000002,
    "percentile_95": 14399.999999999998,
    "percentile_99": 16479.999999999996
  },
  "stream.read": {
    "data": {
      "51": 11000,
      "52": 50000,
      "55": 13000,
      "56": 14000,
      "59": 12000,
      "64": 47000,
      "65": 8000,
      "69": 9000,
      "72": 8000,
      "73": 8000,
      "74": 8000,
      "75": 10000,
      "77": 9000,
      "78": 9000
    },
    "mean": 15428.57142857143,
    "median": 9500.0,
    "variance": 186102040.81632662,
    "standard_deviation": 13641.922181874761,
    "percentile_50": 9500.0,
    "percentile_75": 12750.0,
    "percentile_90": 37100.00000000004,
    "percentile_95": 48050.0,
    "percentile_99": 49610.0
  },
  "deploy-test-stack-create-schema": {
    "data": {
      "64": 48000,
      "65": 48000,
      "69": 54000,
      "72": 15000,
      "73": 52000,
      "74": 32000,
      "75": 33000,
      "77": 32000,
      "78": 48000,
      "37": 49000,
      "38": 33000,
      "39": 50000,
      "40": 47000,
      "41": 53000,
      "43": 53000,
      "44": 49000,
      "45": 50000,
      "46": 49000,
      "47": 32000,
      "50": 50000
    },
    "mean": 43850.0,
    "median": 48500.0,
    "variance": 104027500.0,
    "standard_deviation": 10199.387236496123,
    "percentile_50": 48500.0,
    "percentile_75": 50000.0,
    "percentile_90": 53000.0,
    "percentile_95": 53050.0,
    "percentile_99": 53810.0
  },
  "deploy-test-stack-read-schema": {
    "data": {
      "64": 25000,
      "65": 10000,
      "69": 29000,
      "72": 26000,
      "73": 29000,
      "74": 10000,
      "75": 9000,
      "77": 24000,
      "78": 8000,
      "37": 28000,
      "38": 27000,
      "39": 25000,
      "40": 24000,
      "41": 25000,
      "43": 26000,
      "44": 24000,
      "45": 26000,
      "46": 26000,
      "47": 8000,
      "50": 8000
    },
    "mean": 20850.0,
    "median": 25000.0,
    "variance": 64027500.0,
    "standard_deviation": 8001.718565408309,
    "percentile_50": 25000.0,
    "percentile_75": 26000.0,
    "percentile_90": 28100.0,
    "percentile_95": 29000.0,
    "percentile_99": 29000.0
  },
  "deploy-test-stack-read-schema_2": {
    "data": {
      "72": 33000,
      "73": 31000,
      "74": 33000,
      "75": 34000,
      "77": 31000,
      "78": 32000,
      "37": 31000,
      "38": 37000,
      "39": 33000,
      "40": 31000,
      "41": 33000,
      "43": 36000,
      "44": 31000,
      "45": 33000,
      "46": 33000,
      "47": 13000,
      "50": 34000
    },
    "mean": 31705.882352941175,
    "median": 33000.0,
    "variance": 24678200.692041524,
    "standard_deviation": 4967.715842521744,
    "percentile_50": 33000.0,
    "percentile_75": 33000.0,
    "percentile_90": 34800.0,
    "percentile_95": 36200.0,
    "percentile_99": 36840.0
  },
  "deploy-test-stack-update-schema-field-alias": {
    "data": {
      "72": 27000,
      "73": 26000,
      "74": 27000,
      "75": 29000,
      "77": 26000,
      "78": 27000,
      "37": 26000,
      "38": 31000,
      "39": 28000,
      "40": 26000,
      "41": 28000,
      "43": 29000,
      "44": 26000,
      "45": 28000,
      "46": 27000,
      "47": 8000,
      "50": 29000
    },
    "mean": 26352.941176470587,
    "median": 27000.0,
    "variance": 22934256.055363324,
    "standard_deviation": 4788.972338128852,
    "percentile_50": 27000.0,
    "percentile_75": 28000.0,
    "percentile_90": 29000.0,
    "percentile_95": 29400.0,
    "percentile_99": 30680.0
  },
  "deploy-test-stack-read-schema-mgmt": {
    "data": {
      "73": 28000,
      "74": 9000,
      "75": 27000,
      "77": 8000,
      "78": 25000,
      "37": 24000,
      "38": 27000,
      "39": 24000,
      "40": 23000,
      "41": 26000,
      "43": 29000,
      "44": 23000,
      "45": 25000,
      "46": 22000,
      "47": 7000,
      "50": 24000
    },
    "mean": 21937.5,
    "median": 24000.0,
    "variance": 48308593.75,
    "standard_deviation": 6950.438385454546,
    "percentile_50": 24000.0,
    "percentile_75": 26250.0,
    "percentile_90": 27500.0,
    "percentile_95": 28250.0,
    "percentile_99": 28850.0
  },
  "catalog.read": {
    "data": {
      "37": 17000,
      "38": 15000,
      "39": 17000,
      "40": 20000,
      "41": 17000,
      "43": 19000,
      "44": 20000,
      "45": 17000,
      "46": 20000,
      "47": 20000,
      "50": 17000
    },
    "mean": 18090.909090909092,
    "median": 17000.0,
    "variance": 2809917.3553719004,
    "standard_deviation": 1676.2808104168885,
    "percentile_50": 17000.0,
    "percentile_75": 20000.0,
    "percentile_90": 20000.0,
    "percentile_95": 20000.0,
    "percentile_99": 20000.0
  },
  "deploy-test-stack-create-stats-schema": {
    "data": {
      "37": 7000,
      "38": 8000,
      "39": 8000,
      "40": 7000,
      "41": 8000,
      "43": 8000,
      "44": 7000,
      "45": 7000,
      "46": 7000,
      "47": 6000,
      "50": 7000
    },
    "mean": 7272.727272727273,
    "median": 7000.0,
    "variance": 380165.2892561983,
    "standard_deviation": 616.5754530113879,
    "percentile_50": 7000.0,
    "percentile_75": 8000.0,
    "percentile_90": 8000.0,
    "percentile_95": 8000.0,
    "percentile_99": 8000.0
  },
  "deploy-test-stack-stream-batch.read": {
    "data": {
      "37": 112000,
      "38": 112000,
      "39": 111000,
      "40": 109000,
      "41": 111000,
      "43": 115000,
      "44": 111000,
      "45": 112000,
      "46": 113000,
      "47": 112000,
      "50": 111000
    },
    "mean": 111727.27272727272,
    "median": 112000.0,
    "variance": 2016528.9256198348,
    "standard_deviation": 1420.0453956193917,
    "percentile_50": 112000.0,
    "percentile_75": 112000.0,
    "percentile_90": 113000.0,
    "percentile_95": 114000.0,
    "percentile_99": 114800.0
  },
  "deploy-test-stack-stream-batch.write": {
    "data": {
      "37": 43000,
      "38": 40000,
      "39": 40000,
      "40": 46000,
      "41": 42000,
      "43": 50000,
      "44": 45000,
      "45": 40000,
      "46": 42000,
      "47": 30000,
      "50": 42000
    },
    "mean": 41818.181818181816,
    "median": 42000.0,
    "variance": 22330578.512396693,
    "standard_deviation": 4725.524152133464,
    "percentile_50": 42000.0,
    "percentile_75": 44000.0,
    "percentile_90": 46000.0,
    "percentile_95": 48000.0,
    "percentile_99": 49600.0
  },
  "deploy-test-stack-stream.read": {
    "data": {
      "37": 9000,
      "38": 8000,
      "39": 8000,
      "40": 8000,
      "41": 9000,
      "43": 9000,
      "44": 9000,
      "45": 9000,
      "46": 9000,
      "47": 8000,
      "50": 9000
    },
    "mean": 8636.363636363636,
    "median": 9000.0,
    "variance": 231404.95867768594,
    "standard_deviation": 481.04569292083465,
    "percentile_50": 9000.0,
    "percentile_75": 9000.0,
    "percentile_90": 9000.0,
    "percentile_95": 9000.0,