{
  "stream-batch.read": {
    "data": {
      "51": 118000,
      "52": 120000,
      "55": 119000,
      "56": 226000,
      "59": 120000,
      "64": 224000,
      "65": 116000,
      "69": 114000,
      "72": 120000,
      "73": 115000,
      "74": 113000,
      "75": 30000,
      "77": 124000,
      "78": 121000
    },
    "mean": 127142.85714285714,
    "median": 119500.0,
    "variance": 2113265306.1224487,
    "standard_deviation": 45970.265456297384,
    "percentile_50": 119500.0,
    "percentile_75": 120750.0,
    "percentile_90": 194000.00000000012,
    "percentile_95": 224700.0,
    "percentile_99": 225740.0
  },
  "stream-seq.read": {
    "data": {
      "51": 10000,
      "52": 12000,
      "55": 17000,
      "56": 9000,
      "59": 9000,
      "64": 13000,
      "65": 10000,
      "69": 9000,
      "72": 8000,
      "73": 9000,
      "74": 9000,
      "75": 11000,
      "77": 10000,
      "78": 10000
    },
    "mean": 10428.57142857143,
    "median": 10000.0,
    "variance": 4959183.673469388,
    "standard_deviation": 2226.922466874271,
    "percentile_50": 10000.0,
    "percentile_75": 10750.0,
    "percentile_90": 12700.000000000002,
    "percentile_95": 14399.999999999998,
    "percentile_99": 16479.999999999996
  },
  "stream.read": {
    "data": {
      "51": 11000,
      "52": 50000,
      "55": 13000,
      "56": 14000,
      "59": 12000,
      "64": 47000,
      "65": 8000,
      "69": 9000,
      "72": 8000,
      "73": 8000,
      "74": 8000,
      "75": 10000,
      "77": 9000,
      "78": 9000
    },
    "mean": 15428.57142857143,
    "median": 9500.0,
    "variance": 186102040.81632662,
    "standard_deviation": 13641.922181874761,
    "percentile_50": 9500.0,
    "percentile_75": 12750.0,
    "percentile_90": 37100.00000000004,
    "percentile_95": 48050.0,
    "percentile_99": 49610.0
  },
  "deploy-test-stack-create-schema": {
    "data": {
      "64": 48000,
      "65": 48000,
      "69": 54000,
      "72": 15000,
      "73": 52000,
      "74": 32000,
      "75": 33000,
      "77": 32000,
      "78": 48000
    },
    "mean": 40222.22222222222,
    "median": 48000.0,
    "variance": 148172839.5061728,
    "standard_deviation": 12172.626647777086,
    "percentile_50": 48000.0,
    "percentile_75": 48000.0,
    "percentile_90": 52400.0,
    "percentile_95": 53200.0,
    "percentile_99": 53840.0
  },
  "deploy-test-stack-read-schema": {
    "data": {
      "64": 25000,
      "65": 10000,
      "69": 29000,
      "72": 26000,
      "73": 29000,
      "74": 10000,
      "75": 9000,
      "77": 24000,
      "78": 8000
    },
    "mean": 18888.88888888889,
    "median": 24000.0,
    "variance": 76987654.32098764,
    "standard_deviation": 8774.26089884428,
    "percentile_50": 24000.0,
    "percentile_75": 26000.0,
    "percentile_90": 29000.0,
    "percentile_95": 29000.0,
    "percentile_99": 29000.0
  },
  "deploy-test-stack-read-schema_2": {
    "data": {
      "72": 33000,
      "73": 31000,
      "74": 33000,
      "75": 34000,
      "77": 31000,
      "78": 32000
    },
    "mean": 32333.333333333332,
    "median": 32500.0,
    "variance": 1222222.222222222,
    "standard_deviation": 1105.5415967851332,
    "percentile_50": 32500.0,
    "percentile_75": 33000.0,
    "percentile_90": 33500.0,
    "percentile_95": 33750.0,
    "percentile_99": 33950.0
  },
  "deploy-test-stack-update-schema-field-alias": {
    "data": {
      "72": 27000,
      "73": 26000,
      "74": 27000,
      "75": 29000,
      "77": 26000,
      "78": 27000
    },
    "mean": 27000.0,
    "median": 27000.0,
    "variance": 1000000.0,
    "standard_deviation": 1000.0,
    "percentile_50": 27000.0,
    "percentile_75": 27000.0,
    "percentile_90": 28000.0,
    "percentile_95": 28500.0,
    "percentile_99": 28900.0
  },
  "deploy-test-stack-read-schema-mgmt": {
    "data": {
      "73": 28000,
      "74": 9000,
      "75": 27000,
      "77": 8000,
      "78": 25000
    },
    "mean": 19400.0,
    "median": 25000.0,
    "variance": 80240000.0,
    "standard_deviation": 8957.678270623477,
    "percentile_50": 25000.0,
    "percentile_75": 27000.0,
    "percentile_90": 27600.0,
    "percentile_95": 27800.0,
    "percentile_99": 27960.0
  }
}