{
  "stream-batch.read": {
    "data": {
      "51": 118000,
      "52": 120000,
      "55": 119000,
      "56": 226000,
      "59": 120000,
      "64": 224000,
      "65": 116000,
      "69": 114000,
      "72": 120000,
      "73": 115000,
      "74": 113000,
      "75": 30000,
      "77": 124000,
      "78": 121000
    },
    "mean": 127142.85714285714,
    "median": 119500.0,
    "variance": 2113265306.1224487,
    "standard_deviation": 45970.265456297384,
    "percentile_50": 119500.0,
    "percentile_75": 120750.0,
    "percentile_90": 194000.00000000012,
    "percentile_95": 224700.0,
    "percentile_99": 225740.0
  },
  "stream-seq.read": {
    "data": {
      "51": 10000,
      "52": 12000,
      "55": 17000,
      "56": 9000,
      "59": 9000,
      "64": 13000,
      "65": 10000,
      "69": 9000,
      "72": 8000,
      "73": 9000,
      "74": 9000,
      "75": 11000,
      "77": 10000,
      "78": 10000
    },
    "mean": 10428.57142857143,
    "median": 10000.0,
    "variance": 4959183.673469388,
    "standard_deviation": 2226.922466874271,
    "percentile_50": 10000.0,
    "percentile_75": 10750.0,
    "percentile_90": 12700.000000000002,
    "percentile_95": 14399.999999999998,
    "percentile_99": 16479.999999999996
  },
  "stream.read": {
    "data": {
      "51": 11000,
      "52": 50000,
      "55": 13000,
      "56": 14000,
      "59": 12000,
      "64": 47000,
      "65": 8000,
      "69": 9000,
      "72": 8000,
      "73": 8000,
      "74": 8000,
      "75": 10000,
      "77": 9000,
      "78": 9000
    },
    "mean": 15428.57142857143,
    "median": 9500.0,
    "variance": 186102040.81632662,
    "standard_deviation": 13641.922181874761,
    "percentile_50": 9500.0,
    "percentile_75": 12750.0,
    "percentile_90": 37100.00000000004,
    "percentile_95": 48050.0,
    "percentile_99": 49610.0
  },
  "deploy-test-stack-create-schema": {
    "data": {
      "64": 48000,
      "65": 48000,
      "69": 54000,
      "72": 15000,
      "73": 52000,
      "74": 32000,
      "75": 33000,
      "77": 32000,
      "78": 48000,
      "37": 49000
    },
    "mean": 41100.0,
    "median": 48000.0,
    "variance": 140290000.0,
    "standard_deviation": 11844.407963254222,
    "percentile_50": 48000.0,
    "percentile_75": 48750.0,
    "percentile_90": 52200.0,
    "percentile_95": 53100.0,
    "percentile_99": 53820.0
  },
  "deploy-test-stack-read-schema": {
    "data": {
      "64": 25000,
      "65": 10000,
      "69": 29000,
      "72": 26000,
      "73": 29000,
      "74": 10000,
      "75": 9000,
      "77": 24000,
      "78": 8000,
      "37": 28000
    },
    "mean": 19800.0,
    "median": 24500.0,
    "variance": 76760000.0,
    "standard_deviation": 8761.278445523803,
    "percentile_50": 24500.0,
    "percentile_75": 27500.0,
    "percentile_90": 29000.0,
    "percentile_95": 29000.0,
    "percentile_99": 29000.0
  },
  "deploy-test-stack-read-schema_2": {
    "data": {
      "72": 33000,
      "73": 31000,
      "74": 33000,
      "75": 34000,
      "77": 31000,
      "78": 32000,
      "37": 31000
    },
    "mean": 32142.85714285714,
    "median": 32000.0,
    "variance": 1265306.1224489794,
    "standard_deviation": 1124.858267715973,
    "percentile_50": 32000.0,
    "percentile_75": 33000.0,
    "percentile_90": 33400.0,
    "percentile_95": 33700.0,
    "percentile_99": 33940.0
  },
  "deploy-test-stack-update-schema-field-alias": {
    "data": {
      "72": 27000,
      "73": 26000,
      "74": 27000,
      "75": 29000,
      "77": 26000,
      "78": 27000,
      "37": 26000
    },
    "mean": 26857.14285714286,
    "median": 27000.0,
    "variance": 979591.8367346937,
    "standard_deviation": 989.7433186107869,
    "percentile_50": 27000.0,
    "percentile_75": 27000.0,
    "percentile_90": 27800.0,
    "percentile_95": 28400.0,
    "percentile_99": 28880.0
  },
  "deploy-test-stack-read-schema-mgmt": {
    "data": {
      "73": 28000,
      "74": 9000,
      "75": 27000,
      "77": 8000,
      "78": 25000,
      "37": 24000
    },
    "mean": 20166.666666666668,
    "median": 24500.0,
    "variance": 69805555.55555555,
    "standard_deviation": 8354.971906329522,
    "percentile_50": 24500.0,
    "percentile_75": 26500.0,
    "percentile_90": 27500.0,
    "percentile_95": 27750.0,
    "percentile_99": 27950.0
  },
  "catalog.read": {
    "data": {
      "37": 17000
    },
    "mean": 17000.0,
    "median": 17000.0,
    "variance": 0.0,
    "standard_deviation": 0.0,
    "percentile_50": 17000.0,
    "percentile_75": 17000.0,
    "percentile_90": 17000.0,
    "percentile_95": 17000.0,
    "percentile_99": 17000.0
  },
  "deploy-test-stack-create-stats-schema": {
    "data": {
      "37": 7000
    },
    "mean": 7000.0,
    "median": 7000.0,
    "variance": 0.0,
    "standard_deviation": 0.0,
    "percentile_50": 7000.0,
    "percentile_75": 7000.0,
    "percentile_90": 7000.0,
    "percentile_95": 7000.0,
    "percentile_99": 7000.0
  },
  "deploy-test-stack-stream-batch.read": {
    "data": {
      "37": 112000
    },
    "mean": 112000.0,
    "median": 112000.0,
    "variance": 0.0,
    "standard_deviation": 0.0,
    "percentile_50": 112000.0,
    "percentile_75": 112000.0,
    "percentile_90": 112000.0,
    "percentile_95": 112000.0,
    "percentile_99": 112000.0
  },
  "deploy-test-stack-stream-batch.write": {
    "data": {
      "37": 43000
    },
    "mean": 43000.0,
    "median": 43000.0,
    "variance": 0.0,
    "standard_deviation": 0.0,
    "percentile_50": 43000.0,
    "percentile_75": 43000.0,
    "percentile_90": 43000.0,
    "percentile_95": 43000.0,
    "percentile_99": 43000.0
  },
  "deploy-test-stack-stream.read": {
    "data": {
      "37": 9000
    },
    "mean": 9000.0,
    "median": 9000.0,
    "variance": 0.0,
    "standard_deviation": 0.0,
    "percentile_50": 9000.0,
    "percentile_75": 9000.0,
    "percentile_90": 9000.0,
    "percentile_95": 9000.0,
    "percentile_99": 9000.0
  },
  "deploy-test-stack-stream-seq.read": {
    "data": {
      "37": 8000
    },
    "mean": 8000.0,
    "median": 8000.0,
    "variance": 0.0,
    "standard_deviation": 0.0,
    "percentile_50": 8000.0,
    "percentile_75": 8000.0,
    "percentile_90": 8000.0,
    "percentile_95": 8000.0,
    "percentile_99": 8000.0
  },
  "deploy-test-stack-stream-seq.write": {
    "data": {
      "37": 5000
    },
    "mean": 5000.0,
    "median": 5000.0,
    "variance": 0.0,
    "standard_deviation": 0.0,
    "percentile_50": 5000.0,
    "percentile_75": 5000.0,
    "percentile_90": 5000.0,
    "percentile_95": 5000.0,
    "percentile_99": 5000.0
  }
}