{
  "stream-batch.read": {
    "data": {
      "51": 118000,
      "52": 120000,
      "55": 119000,
      "56": 226000,
      "59": 120000,
      "64": 224000,
      "65": 116000,
      "69": 114000,
      "72": 120000,
      "73": 115000,
      "74": 113000,
      "75": 30000,
      "77": 124000,
      "78": 121000
    },
    "mean": 127142.85714285714,
    "median": 119500.0,
    "variance": 2113265306.1224487,
    "standard_deviation": 45970.265456297384,
    "percentile_50": 119500.0,
    "percentile_75": 120750.0,
    "percentile_90": 194000.00000000012,
    "percentile_95": 224700.0,
    "percentile_99": 225740.0
  },
  "stream-seq.read": {
    "data": {
      "51": 10000,
      "52": 12000,
      "55": 17000,
      "56": 9000,
      "59": 9000,
      "64": 13000,
      "65": 10000,
      "69": 9000,
      "72": 8000,
      "73": 9000,
      "74": 9000,
      "75": 11000,
      "77": 10000,
      "78": 10000
    },
    "mean": 10428.57142857143,
    "median": 10000.0,
    "variance": 4959183.673469388,
    "standard_deviation": 2226.922466874271,
    "percentile_50": 10000.0,
    "percentile_75": 10750.0,
    "percentile_90": 12700.000000000002,
    "percentile_95": 14399.999999999998,
    "percentile_99": 16479.999999999996
  },
  "stream.read": {
    "data": {
      "51": 11000,
      "52": 50000,
      "55": 13000,
      "56": 14000,
      "59": 12000,
      "64": 47000,
      "65": 8000,
      "69": 9000,
      "72": 8000,
      "73": 8000,
      "74": 8000,
      "75": 10000,
      "77": 9000,
      "78": 9000
    },
    "mean": 15428.57142857143,
    "median": 9500.0,
    "variance": 186102040.81632662,
    "standard_deviation": 13641.922181874761,
    "percentile_50": 9500.0,
    "percentile_75": 12750.0,
    "percentile_90": 37100.00000000004,
    "percentile_95": 48050.0,
    "percentile_99": 49610.0
  },
  "deploy-test-stack-create-schema": {
    "data": {
      "64": 51000,
      "65": 50000,
      "69": 54000,
      "72": 15000,
      "73": 52000,
      "74": 32000,
      "75": 33000,
      "77": 32000,
      "78": 48000,
      "37": 49000,
      "38": 32000,
      "39": 30000,
      "40": 47000,
      "41": 29000,
      "43": 30000,
      "44": 28000,
      "45": 50000,
      "46": 49000,
      "47": 32000,
      "50": 50000,
      "51": 54000,
      "56": 51000,
      "57": 53000,
      "58": 28000,
      "61": 12000,
      "94": 30000,
      "95": 32000,
      "96": 31000,
      "97": 32000,
      "101": 53000,
      "102": 48000,
      "103": 48000,
      "104": 28000,
      "107": 54000,
      "116": 53000,
      "117": 29000,
      "118": 33000,
      "128": 49000,
      "42": 53000,
      "53": 52000,
      "54": 31000,
      "55": 47000,
      "62": 50000,
      "63": 53000,
      "66": 49000,
      "67": 51000
    },
    "mean": 41239.13043478261,
    "median": 48000.0,
    "variance": 131616729.67863889,
    "standard_deviation": 11472.433468041507,
    "percentile_50": 48000.0,
    "percentile_75": 51000.0,
    "percentile_90": 53000.0,
    "percentile_95": 53750.0,
    "percentile_99": 54000.0
  },
  "deploy-test-stack-read-schema": {
    "data": {
      "64": 25000,
      "65": 8000,
      "69": 29000,
      "72": 26000,
      "73": 29000,
      "74": 10000,
      "75": 9000,
      "77": 24000,
      "78": 8000,
      "37": 28000,
      "38": 7000,
      "39": 7000,
      "40": 7000,
      "41": 25000,
      "43": 8000,
      "44": 7000,
      "45": 26000,
      "46": 26000,
      "47": 8000,
      "50": 8000,
      "51": 27000,
      "56": 8000,
      "57": 26000,
      "58": 8000,
      "61": 7000,
      "94": 27000,
      "95": 9000,
      "96": 7000,
      "97": 8000,
      "101": 8000,
      "102": 26000,
      "103": 25000,
      "104": 25000,
      "107": 24000,
      "116": 26000,
      "117": 25000,
      "118": 25000,
      "128": 23000,
      "42": 29000,
      "53": 23000,
      "54": 29000,
      "55": 24000,
      "62": 7000,
      "63": 25000,
      "66": 26000,
      "67": 7000
    },
    "mean": 18021.739130434784,
    "median": 24000.0,
    "variance": 82369092.62759928,
    "standard_deviation": 9075.741987716447,
    "percentile_50": 24000.0,
    "percentile_75": 26000.0,
    "percentile_90": 27500.0,
    "percentile_95": 29000.0,
    "percentile_99": 29000.0
  },
  "deploy-test-stack-read-schema_2": {
    "data": {
      "72": 33000,
      "73": 31000,
      "74": 33000,
      "75": 34000,
      "77": 31000,
      "78": 32000,
      "37": 31000,
      "38": 33000,
      "39": 29000,
      "40": 11000,
      "41": 32000,
      "43": 12000,
      "44": 12000,
      "45": 33000,
      "46": 33000,
      "47": 13000,
      "50": 34000,
      "51": 31000,
      "56": 34000,
      "57": 12000,
      "58": 13000,
      "61": 13000,
      "94": 33000,
      "95": 36000,
      "96": 12000,
      "97": 33000,
      "101": 12000,
      "102": 29000,
      "103": 13000,
      "104": 13000,
      "107": 12000,
      "116": 17000,
      "117": 13000,
      "118": 13000,
      "128": 31000,
      "42": 31000,
      "53": 33000,
      "54": 37000,
      "55": 13000,
      "62": 12000,
      "63": 32000,
      "64": 31000,
      "65": 12000,
      "66": 13000,
      "67": 32000
    },
    "mean": 24066.666666666668,
    "median": 31000.0,
    "variance": 97084444.44444449,
    "standard_deviation": 9853.143886315906,
    "percentile_50": 31000.0,
    "percentile_75": 33000.0,
    "percentile_90": 33600.0,
    "percentile_95": 34000.0,
    "percentile_99": 36560.0
  },
  "deploy-test-stack-update-schema-field-alias": {
    "data": {
      "72": 27000,
      "73": 26000,
      "74": 27000,
      "75": 29000,
      "77": 26000,
      "78": 27000,
      "37": 26000,
      "38": 28000,
      "39": 24000,
      "40": 7000,
      "41": 27000,
      "43": 8000,
      "44": 7000,
      "45": 28000,
      "46": 27000,
      "47": 8000,
      "50": 29000,
      "51": 25000,
      "56": 29000,
      "57": 7000,
      "58": 8000,
      "61": 8000,
      "94": 27000,
      "95": 27000,
      "96": 7000,
      "97": 28000,
      "101": 8000,
      "102": 24000,
      "103": 8000,
      "104": 8000,
      "107": 8000,
      "116": 11000,
      "117": 7000,
      "118": 9000,
      "128": 26000,
      "42": 25000,
      "53": 28000,
      "54": 31000,
      "55": 8000,
      "62": 8000,
      "63": 27000,
      "64": 26000,
      "65": 8000,
      "66": 8000,
      "67": 27000
    },
    "mean": 18933.333333333332,
    "median": 25000.0,
    "variance": 89928888.88888888,
    "standard_deviation": 9483.084355255356,
    "percentile_50": 25000.0,
    "percentile_75": 27000.0,
    "percentile_90": 28000.0,
    "percentile_95": 29000.0,
    "percentile_99": 30120.000000000004
  },
  "deploy-test-stack-read-schema-mgmt": {
    "data": {
      "73": 28000,
      "74": 9000,
      "75": 27000,
      "77": 8000,
      "78": 25000,
      "37": 24000,
      "38": 26000,
      "39": 8000,
      "40": 8000,
      "41": 7000,
      "43": 7000,
      "44": 27000,
      "45": 25000,
      "46": 22000,
      "47": 7000,
      "50": 24000,
      "51": 26000,
      "56": 8000,
      "57": 8000,
      "58": 7000,
      "61": 8000,
      "94": 26000,
      "95": 26000,
      "96": 25000,
      "97": 8000,
      "101": 23000,
      "102": 23000,
      "103": 7000,
      "104": 22000,
      "107": 8000,
      "116": 23000,
      "117": 8000,
      "118": 7000,
      "128": 24000,
      "42": 27000,
      "53": 8000,
      "54": 28000,
      "55": 23000,
      "62": 24000,
      "63": 7000,
      "64": 24000,
      "65": 8000,
      "66": 25000,
      "67": 23000
    },
    "mean": 17409.090909090908,
    "median": 23000.0,
    "variance": 73741735.53719008,
    "standard_deviation": 8587.300829549999,
    "percentile_50": 23000.0,
    "percentile_75": 25000.0,
    "percentile_90": 26700.000000000004,
    "percentile_95": 27000.0,
    "percentile_99": 28000.0
  },
  "catalog.read": {
    "data": {
      "37": 17000,
      "38": 18000,