{
  "stream-batch.read": {
    "data": {
      "51": 118000,
      "52": 120000,
      "55": 119000,
      "56": 226000,
      "59": 120000,
      "64": 224000,
      "65": 116000,
      "69": 114000,
      "72": 120000,
      "73": 115000
    },
    "mean": 139200.0,
    "median": 119500.0,
    "variance": 1844760000.0,
    "standard_deviation": 42950.66937778735,
    "percentile_50": 119500.0,
    "percentile_75": 120000.0,
    "percentile_90": 224200.0,
    "percentile_95": 225100.0,
    "percentile_99": 225820.0
  },
  "stream-seq.read": {
    "data": {
      "51": 10000,
      "52": 12000,
      "55": 17000,
      "56": 9000,
      "59": 9000,
      "64": 13000,
      "65": 10000,
      "69": 9000,
      "72": 8000,
      "73": 9000
    },
    "mean": 10600.0,
    "median": 9500.0,
    "variance": 6640000.0,
    "standard_deviation": 2576.8197453450252,
    "percentile_50": 9500.0,
    "percentile_75": 11500.0,
    "percentile_90": 13399.999999999998,
    "percentile_95": 15199.999999999996,
    "percentile_99": 16640.0
  },
  "stream.read": {
    "data": {
      "51": 11000,
      "52": 50000,
      "55": 13000,
      "56": 14000,
      "59": 12000,
      "64": 47000,
      "65": 8000,
      "69": 9000,
      "72": 8000,
      "73": 8000
    },
    "mean": 18000.0,
    "median": 11500.0,
    "variance": 237200000.0,
    "standard_deviation": 15401.298646542766,
    "percentile_50": 11500.0,
    "percentile_75": 13750.0,
    "percentile_90": 47300.0,
    "percentile_95": 48650.0,
    "percentile_99": 49730.0
  },
  "deploy-test-stack-create-schema": {
    "data": {
      "64": 48000,
      "65": 48000,
      "69": 54000,
      "72": 15000,
      "73": 52000
    },
    "mean": 43400.0,
    "median": 48000.0,
    "variance": 207040000.0,
    "standard_deviation": 14388.884598883958,
    "percentile_50": 48000.0,
    "percentile_75": 52000.0,
    "percentile_90": 53200.0,
    "percentile_95": 53600.0,
    "percentile_99": 53920.0
  },
  "deploy-test-stack-read-schema": {
    "data": {
      "64": 25000,
      "65": 10000,
      "69": 29000,
      "72": 26000,
      "73": 29000
    },
    "mean": 23800.0,
    "median": 26000.0,
    "variance": 50160000.0,
    "standard_deviation": 7082.372483850309,
    "percentile_50": 26000.0,
    "percentile_75": 29000.0,
    "percentile_90": 29000.0,
    "percentile_95": 29000.0,
    "percentile_99": 29000.0
  },
  "deploy-test-stack-read-schema_2": {
    "data": {
      "72": 33000,
      "73": 31000
    },
    "mean": 32000.0,
    "median": 32000.0,
    "variance": 1000000.0,
    "standard_deviation": 1000.0,
    "percentile_50": 32000.0,
    "percentile_75": 32500.0,
    "percentile_90": 32800.0,
    "percentile_95": 32900.0,
    "percentile_99": 32980.0
  },
  "deploy-test-stack-update-schema-field-alias": {
    "data": {
      "72": 27000,
      "73": 26000
    },
    "mean": 26500.0,
    "median": 26500.0,
    "variance": 250000.0,
    "standard_deviation": 500.0,
    "percentile_50": 26500.0,
    "percentile_75": 26750.0,
    "percentile_90": 26900.0,
    "percentile_95": 26950.0,
    "percentile_99": 26990.0
  },
  "deploy-test-stack-read-schema-mgmt": {
    "data": {
      "73": 28000
    },
    "mean": 28000.0,
    "median": 28000.0,
    "variance": 0.0,
    "standard_deviation": 0.0,
    "percentile_50": 28000.0,
    "percentile_75": 28000.0,
    "percentile_90": 28000.0,
    "percentile_95": 28000.0,
    "percentile_99": 28000.0
  }
}