{
  "canary-read-schema": {
    "data": {
      "74": 6000,
      "75": 8000,
      "76": 32000,
      "77": 27000,
      "78": 25000,
      "79": 28000,
      "80": 27000,
      "81": 27000,
      "82": 32000,
      "83": 28000,
      "84": 6000
    },
    "mean": 22363.636363636364,
    "median": 27000.0,
    "variance": 96595041.32231405,
    "standard_deviation": 9828.277637628786,
    "percentile_50": 27000.0,
    "percentile_75": 28000.0,
    "percentile_90": 32000.0,
    "percentile_95": 32000.0,
    "percentile_99": 32000.0
  },
  "canary-stream-batch.read": {
    "data": {
      "74": 13000,
      "75": 9000,
      "76": 109000,
      "77": 117000,
      "78": 111000,
      "79": 113000,
      "80": 112000,
      "81": 113000,
      "82": 115000,
      "83": 113000,
      "84": 20000
    },
    "mean": 85909.09090909091,
    "median": 112000.0,
    "variance": 1948446280.9917352,
    "standard_deviation": 44141.20842242241,
    "percentile_50": 112000.0,
    "percentile_75": 113000.0,
    "percentile_90": 115000.0,
    "percentile_95": 116000.0,
    "percentile_99": 116800.0
  },
  "canary-stream-batch.write": {
    "data": {
      "74": 6000,
      "75": 7000,
      "76": 25000,
      "77": 25000,
      "78": 26000,
      "79": 23000,
      "80": 24000,
      "81": 24000,
      "82": 24000,
      "83": 24000,
      "84": 6000
    },
    "mean": 19454.545454545456,
    "median": 24000.0,
    "variance": 65157024.793388434,
    "standard_deviation": 8071.990138335677,
    "percentile_50": 24000.0,
    "percentile_75": 24500.0,
    "percentile_90": 25000.0,
    "percentile_95": 25500.0,
    "percentile_99": 25900.0
  },
  "canary-stream-seq.read": {
    "data": {
      "74": 9000,
      "75": 57000,
      "76": 9000,
      "77": 8000,
      "78": 13000,
      "79": 9000,
      "80": 11000,
      "81": 11000,
      "82": 15000,
      "83": 7000,
      "84": 9000
    },
    "mean": 14363.636363636364,
    "median": 9000.0,
    "variance": 186595041.322314,
    "standard_deviation": 13659.979550581838,
    "percentile_50": 9000.0,
    "percentile_75": 12000.0,
    "percentile_90": 15000.0,
    "percentile_95": 36000.0,
    "percentile_99": 52800.000000000015
  },
  "canary-stream-seq.write": {
    "data": {
      "74": 5000,
      "75": 6000,
      "76": 6000,
      "77": 7000,
      "78": 6000,
      "79": 7000,
      "80": 7000,
      "81": 7000,
      "82": 9000,
      "83": 7000,
      "84": 6000
    },
    "mean": 6636.363636363636,
    "median": 7000.0,
    "variance": 958677.6859504132,
    "standard_deviation": 979.1208740244552,
    "percentile_50": 7000.0,
    "percentile_75": 7000.0,
    "percentile_90": 7000.0,
    "percentile_95": 8000.0,
    "percentile_99": 8800.0
  },
  "canary-stream.read": {
    "data": {
      "74": 9000,
      "75": 10000,
      "76": 9000,
      "77": 8000,
      "78": 10000,
      "79": 11000,
      "80": 12000,
      "81": 11000,
      "82": 13000,
      "83": 9000,
      "84": 15000
    },
    "mean": 10636.363636363636,
    "median": 10000.0,
    "variance": 3867768.5950413225,
    "standard_deviation": 1966.664332071267,
    "percentile_50": 10000.0,
    "percentile_75": 11500.0,
    "percentile_90": 13000.0,
    "percentile_95": 14000.0,
    "percentile_99": 14800.0
  }
}