{
  "canary-read-schema": {
    "data": {
      "74": 6000,
      "75": 8000,
      "76": 32000,
      "77": 27000,
      "78": 25000,
      "79": 28000,
      "80": 27000,
      "81": 27000,
      "82": 32000,
      "83": 28000,
      "84": 6000,
      "87": 27000,
      "88": 28000,
      "89": 28000,
      "90": 28000,
      "91": 26000
    },
    "mean": 23937.5,
    "median": 27000.0,
    "variance": 72058593.75,
    "standard_deviation": 8488.733341906789,
    "percentile_50": 27000.0,
    "percentile_75": 28000.0,
    "percentile_90": 30000.0,
    "percentile_95": 32000.0,
    "percentile_99": 32000.0
  },
  "canary-stream-batch.read": {
    "data": {
      "74": 13000,
      "75": 9000,
      "76": 109000,
      "77": 117000,
      "78": 111000,
      "79": 113000,
      "80": 112000,
      "81": 113000,
      "82": 115000,
      "83": 113000,
      "84": 20000,
      "87": 118000,
      "88": 117000,
      "89": 113000,
      "90": 112000,
      "91": 118000
    },
    "mean": 95187.5,
    "median": 113000.0,
    "variance": 1531027343.75,
    "standard_deviation": 39128.34450561383,
    "percentile_50": 113000.0,
    "percentile_75": 115500.0,
    "percentile_90": 117500.0,
    "percentile_95": 118000.0,
    "percentile_99": 118000.0
  },
  "canary-stream-batch.write": {
    "data": {
      "74": 6000,
      "75": 7000,
      "76": 25000,
      "77": 25000,
      "78": 26000,
      "79": 23000,
      "80": 24000,
      "81": 24000,
      "82": 24000,
      "83": 24000,
      "84": 6000,
      "87": 23000,
      "88": 23000,
      "89": 25000,
      "90": 24000,
      "91": 27000
    },
    "mean": 21000.0,
    "median": 24000.0,
    "variance": 50750000.0,
    "standard_deviation": 7123.903424387504,
    "percentile_50": 24000.0,
    "percentile_75": 25000.0,
    "percentile_90": 25500.0,
    "percentile_95": 26250.0,
    "percentile_99": 26850.0
  },
  "canary-stream-seq.read": {
    "data": {
      "74": 9000,
      "75": 57000,
      "76": 9000,
      "77": 8000,
      "78": 13000,
      "79": 9000,
      "80": 11000,
      "81": 11000,
      "82": 15000,
      "83": 7000,
      "84": 9000,
      "87": 14000,
      "88": 12000,
      "89": 12000,
      "90": 11000,
      "91": 14000
    },
    "mean": 13812.5,
    "median": 11000.0,
    "variance": 129402343.75,
    "standard_deviation": 11375.51509822742,
    "percentile_50": 11000.0,
    "percentile_75": 13250.0,
    "percentile_90": 14500.0,
    "percentile_95": 25500.0,
    "percentile_99": 50699.999999999985
  },
  "canary-stream-seq.write": {
    "data": {
      "74": 5000,
      "75": 6000,
      "76": 6000,
      "77": 7000,
      "78": 6000,
      "79": 7000,
      "80": 7000,
      "81": 7000,
      "82": 9000,
      "83": 7000,
      "84": 6000,
      "87": 6000,
      "88": 7000,
      "89": 9000,
      "90": 9000,
      "91": 7000
    },
    "mean": 6937.5,
    "median": 7000.0,
    "variance": 1308593.75,
    "standard_deviation": 1143.9378261076954,
    "percentile_50": 7000.0,
    "percentile_75": 7000.0,
    "percentile_90": 9000.0,
    "percentile_95": 9000.0,
    "percentile_99": 9000.0
  },
  "canary-stream.read": {
    "data": {
      "74": 9000,
      "75": 10000,
      "76": 9000,
      "77": 8000,
      "78": 10000,
      "79": 11000,
      "80": 12000,
      "81": 11000,
      "82": 13000,
      "83": 9000,
      "84": 15000,
      "87": 10000,
      "88": 10000,
      "89": 13000,
      "90": 12000,
      "91": 60000
    },
    "mean": 13875.0,
    "median": 10500.0,
    "variance": 144984375.0,
    "standard_deviation": 12040.945768501742,
    "percentile_50": 10500.0,
    "percentile_75": 12250.0,
    "percentile_90": 14000.0,
    "percentile_95": 26250.0,
    "percentile_99": 53249.999999999985
  }
}