{
  "canary-read-schema": {
    "data": {
      "74": 6000,
      "75": 8000,
      "76": 32000,
      "77": 27000
    },
    "mean": 18250.0,
    "median": 17500.0,
    "variance": 130187500.0,
    "standard_deviation": 11409.973707244028,
    "percentile_50": 17500.0,
    "percentile_75": 28250.0,
    "percentile_90": 30500.0,
    "percentile_95": 31250.0,
    "percentile_99": 31850.0
  },
  "canary-stream-batch.read": {
    "data": {
      "74": 13000,
      "75": 9000,
      "76": 109000,
      "77": 117000
    },
    "mean": 62000.0,
    "median": 61000.0,
    "variance": 2611000000.0,
    "standard_deviation": 51097.94516416487,
    "percentile_50": 61000.0,
    "percentile_75": 111000.0,
    "percentile_90": 114600.0,
    "percentile_95": 115800.0,
    "percentile_99": 116760.0
  },
  "canary-stream-batch.write": {
    "data": {
      "74": 6000,
      "75": 7000,
      "76": 25000,
      "77": 25000
    },
    "mean": 15750.0,
    "median": 16000.0,
    "variance": 85687500.0,
    "standard_deviation": 9256.754290786808,
    "percentile_50": 16000.0,
    "percentile_75": 25000.0,
    "percentile_90": 25000.0,
    "percentile_95": 25000.0,
    "percentile_99": 25000.0
  },
  "canary-stream-seq.read": {
    "data": {
      "74": 9000,
      "75": 57000,
      "76": 9000,
      "77": 8000
    },
    "mean": 20750.0,
    "median": 9000.0,
    "variance": 438187500.0,
    "standard_deviation": 20932.928605429293,
    "percentile_50": 9000.0,
    "percentile_75": 21000.0,
    "percentile_90": 42600.00000000001,
    "percentile_95": 49799.999999999985,
    "percentile_99": 55559.999999999985
  },
  "canary-stream-seq.write": {
    "data": {
      "74": 5000,
      "75": 6000,
      "76": 6000,
      "77": 7000
    },
    "mean": 6000.0,
    "median": 6000.0,
    "variance": 500000.0,
    "standard_deviation": 707.1067811865476,
    "percentile_50": 6000.0,
    "percentile_75": 6250.0,
    "percentile_90": 6700.0,
    "percentile_95": 6850.0,
    "percentile_99": 6970.0
  },
  "canary-stream.read": {
    "data": {
      "74": 9000,
      "75": 10000,
      "76": 9000,
      "77": 8000
    },
    "mean": 9000.0,
    "median": 9000.0,
    "variance": 500000.0,
    "standard_deviation": 707.1067811865476,
    "percentile_50": 9000.0,
    "percentile_75": 9250.0,
    "percentile_90": 9700.0,
    "percentile_95": 9850.0,
    "percentile_99": 9970.0
  }
}