{
  "canary-read-schema": {
    "data": {
      "74": 6000,
      "75": 8000,
      "76": 32000,
      "77": 27000,
      "78": 25000,
      "79": 28000,
      "80": 27000,
      "81": 27000,
      "82": 32000,
      "83": 28000,
      "84": 6000,
      "87": 27000,
      "88": 28000,
      "89": 28000,
      "90": 28000
    },
    "mean": 23800.0,
    "median": 27000.0,
    "variance": 76560000.0,
    "standard_deviation": 8749.857141690944,
    "percentile_50": 27000.0,
    "percentile_75": 28000.0,
    "percentile_90": 30400.0,
    "percentile_95": 32000.0,
    "percentile_99": 32000.0
  },
  "canary-stream-batch.read": {
    "data": {
      "74": 13000,
      "75": 9000,
      "76": 109000,
      "77": 117000,
      "78": 111000,
      "79": 113000,
      "80": 112000,
      "81": 113000,
      "82": 115000,
      "83": 113000,
      "84": 20000,
      "87": 118000,
      "88": 117000,
      "89": 113000,
      "90": 112000
    },
    "mean": 93666.66666666667,
    "median": 113000.0,
    "variance": 1596088888.8888886,
    "standard_deviation": 39951.08119799624,
    "percentile_50": 113000.0,
    "percentile_75": 114000.0,
    "percentile_90": 117000.0,
    "percentile_95": 117300.0,
    "percentile_99": 117860.0
  },
  "canary-stream-batch.write": {
    "data": {
      "74": 6000,
      "75": 7000,
      "76": 25000,
      "77": 25000,
      "78": 26000,
      "79": 23000,
      "80": 24000,
      "81": 24000,
      "82": 24000,
      "83": 24000,
      "84": 6000,
      "87": 23000,
      "88": 23000,
      "89": 25000,
      "90": 24000
    },
    "mean": 20600.0,
    "median": 24000.0,
    "variance": 51573333.333333336,
    "standard_deviation": 7181.4576050641235,
    "percentile_50": 24000.0,
    "percentile_75": 24500.0,
    "percentile_90": 25000.0,
    "percentile_95": 25300.0,
    "percentile_99": 25860.0
  },
  "canary-stream-seq.read": {
    "data": {
      "74": 9000,
      "75": 57000,
      "76": 9000,
      "77": 8000,
      "78": 13000,
      "79": 9000,
      "80": 11000,
      "81": 11000,
      "82": 15000,
      "83": 7000,
      "84": 9000,
      "87": 14000,
      "88": 12000,
      "89": 12000,
      "90": 11000
    },
    "mean": 13800.0,
    "median": 11000.0,
    "variance": 138026666.66666666,
    "standard_deviation": 11748.475078352367,
    "percentile_50": 11000.0,
    "percentile_75": 12500.0,
    "percentile_90": 14600.0,
    "percentile_95": 27599.999999999956,
    "percentile_99": 51119.99999999998
  },
  "canary-stream-seq.write": {
    "data": {
      "74": 5000,
      "75": 6000,
      "76": 6000,
      "77": 7000,
      "78": 6000,
      "79": 7000,
      "80": 7000,
      "81": 7000,
      "82": 9000,
      "83": 7000,
      "84": 6000,
      "87": 6000,
      "88": 7000,
      "89": 9000,
      "90": 9000
    },
    "mean": 6933.333333333333,
    "median": 7000.0,
    "variance": 1395555.5555555553,
    "standard_deviation": 1181.3363431112898,
    "percentile_50": 7000.0,
    "percentile_75": 7000.0,
    "percentile_90": 9000.0,
    "percentile_95": 9000.0,
    "percentile_99": 9000.0
  },
  "canary-stream.read": {
    "data": {
      "74": 9000,
      "75": 10000,
      "76": 9000,
      "77": 8000,
      "78": 10000,
      "79": 11000,
      "80": 12000,
      "81": 11000,
      "82": 13000,
      "83": 9000,
      "84": 15000,
      "87": 10000,
      "88": 10000,
      "89": 13000,
      "90": 12000
    },
    "mean": 10800.0,
    "median": 10000.0,
    "variance": 3360000.0,
    "standard_deviation": 1833.030277982336,
    "percentile_50": 10000.0,
    "percentile_75": 12000.0,
    "percentile_90": 13000.0,
    "percentile_95": 13599.999999999998,
    "percentile_99": 14719.999999999998
  }
}