{
  "canary-read-schema": {
    "data": {
      "74": 6000,
      "75": 8000,
      "76": 32000,
      "77": 27000,
      "78": 25000,
      "79": 28000,
      "80": 27000
    },
    "mean": 21857.14285714286,
    "median": 27000.0,
    "variance": 92408163.26530612,
    "standard_deviation": 9612.916480720412,
    "percentile_50": 27000.0,
    "percentile_75": 27500.0,
    "percentile_90": 29600.0,
    "percentile_95": 30799.999999999996,
    "percentile_99": 31760.0
  },
  "canary-stream-batch.read": {
    "data": {
      "74": 13000,
      "75": 9000,
      "76": 109000,
      "77": 117000,
      "78": 111000,
      "79": 113000,
      "80": 112000
    },
    "mean": 83428.57142857143,
    "median": 111000.0,
    "variance": 2104530612.2448978,
    "standard_deviation": 45875.16334842741,
    "percentile_50": 111000.0,
    "percentile_75": 112500.0,
    "percentile_90": 114600.0,
    "percentile_95": 115800.0,
    "percentile_99": 116760.0
  },
  "canary-stream-batch.write": {
    "data": {
      "74": 6000,
      "75": 7000,
      "76": 25000,
      "77": 25000,
      "78": 26000,
      "79": 23000,
      "80": 24000
    },
    "mean": 19428.571428571428,
    "median": 24000.0,
    "variance": 67673469.38775511,
    "standard_deviation": 8226.388599364554,
    "percentile_50": 24000.0,
    "percentile_75": 25000.0,
    "percentile_90": 25400.0,
    "percentile_95": 25700.0,
    "percentile_99": 25940.0
  },
  "canary-stream-seq.read": {
    "data": {
      "74": 9000,
      "75": 57000,
      "76": 9000,
      "77": 8000,
      "78": 13000,
      "79": 9000,
      "80": 11000
    },
    "mean": 16571.428571428572,
    "median": 9000.0,
    "variance": 274816326.53061223,
    "standard_deviation": 16577.585063289895,
    "percentile_50": 9000.0,
    "percentile_75": 12000.0,
    "percentile_90": 30600.000000000015,
    "percentile_95": 43799.99999999997,
    "percentile_99": 54359.99999999998
  },
  "canary-stream-seq.write": {
    "data": {
      "74": 5000,
      "75": 6000,
      "76": 6000,
      "77": 7000,
      "78": 6000,
      "79": 7000,
      "80": 7000
    },
    "mean": 6285.714285714285,
    "median": 6000.0,
    "variance": 489795.9183673469,
    "standard_deviation": 699.8542122237652,
    "percentile_50": 6000.0,
    "percentile_75": 7000.0,
    "percentile_90": 7000.0,
    "percentile_95": 7000.0,
    "percentile_99": 7000.0
  },
  "canary-stream.read": {
    "data": {
      "74": 9000,
      "75": 10000,
      "76": 9000,
      "77": 8000,
      "78": 10000,
      "79": 11000,
      "80": 12000
    },
    "mean": 9857.142857142857,
    "median": 10000.0,
    "variance": 1551020.4081632656,
    "standard_deviation": 1245.3996981544783,
    "percentile_50": 10000.0,
    "percentile_75": 10500.0,
    "percentile_90": 11400.0,
    "percentile_95": 11700.0,
    "percentile_99": 11940.0
  }
}