{
  "canary-read-schema": {
    "data": {
      "74": 6000,
      "75": 8000,
      "76": 32000,
      "77": 27000,
      "78": 25000,
      "79": 28000,
      "80": 27000,
      "81": 27000,
      "82": 32000,
      "83": 28000,
      "84": 6000,
      "87": 27000,
      "88": 28000,
      "89": 28000,
      "90": 28000,
      "91": 26000,
      "92": 26000,
      "93": 29000,
      "94": 27000,
      "95": 28000,
      "97": 31000
    },
    "mean": 24952.380952380954,
    "median": 27000.0,
    "variance": 58902494.33106578,
    "standard_deviation": 7674.796044916489,
    "percentile_50": 27000.0,
    "percentile_75": 28000.0,
    "percentile_90": 31000.0,
    "percentile_95": 32000.0,
    "percentile_99": 32000.0
  },
  "canary-stream-batch.read": {
    "data": {
      "74": 13000,
      "75": 9000,
      "76": 109000,
      "77": 117000,
      "78": 111000,
      "79": 113000,
      "80": 112000,
      "81": 113000,
      "82": 115000,
      "83": 113000,
      "84": 20000,
      "87": 118000,
      "88": 117000,
      "89": 113000,
      "90": 112000,
      "91": 118000,
      "92": 113000,
      "93": 117000,
      "94": 114000,
      "95": 110000,
      "97": 107000
    },
    "mean": 99238.09523809524,
    "median": 113000.0,
    "variance": 1221800453.5147395,
    "standard_deviation": 34954.26230826134,
    "percentile_50": 113000.0,
    "percentile_75": 115000.0,
    "percentile_90": 117000.0,
    "percentile_95": 118000.0,
    "percentile_99": 118000.0
  },
  "canary-stream-batch.write": {
    "data": {
      "74": 6000,
      "75": 7000,
      "76": 25000,
      "77": 25000,
      "78": 26000,
      "79": 23000,
      "80": 24000,
      "81": 24000,
      "82": 24000,
      "83": 24000,
      "84": 6000,
      "87": 23000,
      "88": 23000,
      "89": 25000,
      "90": 24000,
      "91": 27000,
      "92": 27000,
      "93": 29000,
      "94": 25000,
      "95": 24000,
      "97": 24000
    },
    "mean": 22142.85714285714,
    "median": 24000.0,
    "variance": 43741496.59863945,
    "standard_deviation": 6613.735449701587,
    "percentile_50": 24000.0,
    "percentile_75": 25000.0,
    "percentile_90": 27000.0,
    "percentile_95": 27000.0,
    "percentile_99": 28600.0
  },
  "canary-stream-seq.read": {
    "data": {
      "74": 9000,
      "75": 57000,
      "76": 9000,
      "77": 8000,
      "78": 13000,
      "79": 9000,
      "80": 11000,
      "81": 11000,
      "82": 15000,
      "83": 7000,
      "84": 9000,
      "87": 14000,
      "88": 12000,
      "89": 12000,
      "90": 11000,
      "91": 14000,
      "92": 14000,
      "93": 14000,
      "94": 14000,
      "95": 12000,
      "97": 8000
    },
    "mean": 13476.190476190477,
    "median": 12000.0,
    "variance": 100249433.10657598,
    "standard_deviation": 10012.463887903716,
    "percentile_50": 12000.0,
    "percentile_75": 14000.0,
    "percentile_90": 14000.0,
    "percentile_95": 15000.0,
    "percentile_99": 48600.00000000003
  },
  "canary-stream-seq.write": {
    "data": {
      "74": 5000,
      "75": 6000,
      "76": 6000,
      "77": 7000,
      "78": 6000,
      "79": 7000,
      "80": 7000,
      "81": 7000,
      "82": 9000,
      "83": 7000,
      "84": 6000,
      "87": 6000,
      "88": 7000,
      "89": 9000,
      "90": 9000,
      "91": 7000,
      "92": 7000,
      "93": 8000,
      "94": 7000,
      "95": 6000,
      "97": 7000
    },
    "mean": 6952.380952380952,
    "median": 7000.0,
    "variance": 1092970.52154195,
    "standard_deviation": 1045.4523047666737,
    "percentile_50": 7000.0,
    "percentile_75": 7000.0,
    "percentile_90": 9000.0,
    "percentile_95": 9000.0,
    "percentile_99": 9000.0
  },
  "canary-stream.read": {
    "data": {
      "74": 9000,
      "75": 10000,
      "76": 9000,
      "77": 8000,
      "78": 10000,
      "79": 11000,
      "80": 12000,
      "81": 11000,
      "82": 13000,
      "83": 9000,
      "84": 15000,
      "87": 10000,
      "88": 10000,
      "89": 13000,
      "90": 12000,
      "91": 60000,
      "92": 12000,
      "93": 11000,
      "94": 12000,
      "95": 9000,
      "97": 8000
    },
    "mean": 13047.619047619048,
    "median": 11000.0,
    "variance": 113283446.71201818,
    "standard_deviation": 10643.4696745008,
    "percentile_50": 11000.0,
    "percentile_75": 12000.0,
    "percentile_90": 13000.0,
    "percentile_95": 15000.0,
    "percentile_99": 51000.00000000003
  }
}