{
  "canary-read-schema": {
    "data": {
      "74": 6000,
      "75": 8000,
      "76": 32000,
      "77": 27000,
      "78": 25000,
      "79": 28000
    },
    "mean": 21000.0,
    "median": 26000.0,
    "variance": 102666666.66666667,
    "standard_deviation": 10132.456102380444,
    "percentile_50": 26000.0,
    "percentile_75": 27750.0,
    "percentile_90": 30000.0,
    "percentile_95": 31000.0,
    "percentile_99": 31800.0
  },
  "canary-stream-batch.read": {
    "data": {
      "74": 13000,
      "75": 9000,
      "76": 109000,
      "77": 117000,
      "78": 111000,
      "79": 113000
    },
    "mean": 78666.66666666667,
    "median": 110000.0,
    "variance": 2296555555.555556,
    "standard_deviation": 47922.390962425445,
    "percentile_50": 110000.0,
    "percentile_75": 112500.0,
    "percentile_90": 115000.0,
    "percentile_95": 116000.0,
    "percentile_99": 116800.0
  },
  "canary-stream-batch.write": {
    "data": {
      "74": 6000,
      "75": 7000,
      "76": 25000,
      "77": 25000,
      "78": 26000,
      "79": 23000
    },
    "mean": 18666.666666666668,
    "median": 24000.0,
    "variance": 74888888.8888889,
    "standard_deviation": 8653.83665716478,
    "percentile_50": 24000.0,
    "percentile_75": 25000.0,
    "percentile_90": 25500.0,
    "percentile_95": 25750.0,
    "percentile_99": 25950.0
  },
  "canary-stream-seq.read": {
    "data": {
      "74": 9000,
      "75": 57000,
      "76": 9000,
      "77": 8000,
      "78": 13000,
      "79": 9000
    },
    "mean": 17500.0,
    "median": 9000.0,
    "variance": 314583333.3333333,
    "standard_deviation": 17736.49721149397,
    "percentile_50": 9000.0,
    "percentile_75": 12000.0,
    "percentile_90": 35000.0,
    "percentile_95": 46000.0,
    "percentile_99": 54800.00000000001
  },
  "canary-stream-seq.write": {
    "data": {
      "74": 5000,
      "75": 6000,
      "76": 6000,
      "77": 7000,
      "78": 6000,
      "79": 7000
    },
    "mean": 6166.666666666667,
    "median": 6000.0,
    "variance": 472222.22222222225,
    "standard_deviation": 687.1842709362768,
    "percentile_50": 6000.0,
    "percentile_75": 6750.0,
    "percentile_90": 7000.0,
    "percentile_95": 7000.0,
    "percentile_99": 7000.0
  },
  "canary-stream.read": {
    "data": {
      "74": 9000,
      "75": 10000,
      "76": 9000,
      "77": 8000,
      "78": 10000,
      "79": 11000
    },
    "mean": 9500.0,
    "median": 9500.0,
    "variance": 916666.6666666666,
    "standard_deviation": 957.427107756338,
    "percentile_50": 9500.0,
    "percentile_75": 10000.0,
    "percentile_90": 10500.0,
    "percentile_95": 10750.0,
    "percentile_99": 10950.0
  }
}