{
  "canary-read-schema": {
    "data": {
      "74": 6000,
      "75": 8000,
      "76": 32000,
      "77": 27000,
      "78": 25000,
      "79": 28000,
      "80": 27000,
      "81": 27000,
      "82": 32000,
      "83": 28000,
      "84": 6000,
      "87": 27000,
      "88": 28000,
      "89": 28000,
      "90": 28000,
      "91": 26000,
      "92": 26000,
      "93": 29000
    },
    "mean": 24333.333333333332,
    "median": 27000.0,
    "variance": 65555555.555555545,
    "standard_deviation": 8096.638534327412,
    "percentile_50": 27000.0,
    "percentile_75": 28000.0,
    "percentile_90": 29900.000000000004,
    "percentile_95": 32000.0,
    "percentile_99": 32000.0
  },
  "canary-stream-batch.read": {
    "data": {
      "74": 13000,
      "75": 9000,
      "76": 109000,
      "77": 117000,
      "78": 111000,
      "79": 113000,
      "80": 112000,
      "81": 113000,
      "82": 115000,
      "83": 113000,
      "84": 20000,
      "87": 118000,
      "88": 117000,
      "89": 113000,
      "90": 112000,
      "91": 118000,
      "92": 113000,
      "93": 117000
    },
    "mean": 97388.88888888889,
    "median": 113000.0,
    "variance": 1400126543.2098763,
    "standard_deviation": 37418.26483430086,
    "percentile_50": 113000.0,
    "percentile_75": 116500.0,
    "percentile_90": 117300.0,
    "percentile_95": 118000.0,
    "percentile_99": 118000.0
  },
  "canary-stream-batch.write": {
    "data": {
      "74": 6000,
      "75": 7000,
      "76": 25000,
      "77": 25000,
      "78": 26000,
      "79": 23000,
      "80": 24000,
      "81": 24000,
      "82": 24000,
      "83": 24000,
      "84": 6000,
      "87": 23000,
      "88": 23000,
      "89": 25000,
      "90": 24000,
      "91": 27000,
      "92": 27000,
      "93": 29000
    },
    "mean": 21777.777777777777,
    "median": 24000.0,
    "variance": 50061728.39506174,
    "standard_deviation": 7075.431322192431,
    "percentile_50": 24000.0,
    "percentile_75": 25000.0,
    "percentile_90": 27000.0,
    "percentile_95": 27299.999999999996,
    "percentile_99": 28659.999999999996
  },
  "canary-stream-seq.read": {
    "data": {
      "74": 9000,
      "75": 57000,
      "76": 9000,
      "77": 8000,
      "78": 13000,
      "79": 9000,
      "80": 11000,
      "81": 11000,
      "82": 15000,
      "83": 7000,
      "84": 9000,
      "87": 14000,
      "88": 12000,
      "89": 12000,
      "90": 11000,
      "91": 14000,
      "92": 14000,
      "93": 14000
    },
    "mean": 13833.333333333334,
    "median": 11500.0,
    "variance": 115027777.77777773,
    "standard_deviation": 10725.100362130777,
    "percentile_50": 11500.0,
    "percentile_75": 14000.0,
    "percentile_90": 14300.0,
    "percentile_95": 21299.99999999994,
    "percentile_99": 49859.99999999993
  },
  "canary-stream-seq.write": {
    "data": {
      "74": 5000,
      "75": 6000,
      "76": 6000,
      "77": 7000,
      "78": 6000,
      "79": 7000,
      "80": 7000,
      "81": 7000,
      "82": 9000,
      "83": 7000,
      "84": 6000,
      "87": 6000,
      "88": 7000,
      "89": 9000,
      "90": 9000,
      "91": 7000,
      "92": 7000,
      "93": 8000
    },
    "mean": 7000.0,
    "median": 7000.0,
    "variance": 1222222.2222222222,
    "standard_deviation": 1105.5415967851334,
    "percentile_50": 7000.0,
    "percentile_75": 7000.0,
    "percentile_90": 9000.0,
    "percentile_95": 9000.0,
    "percentile_99": 9000.0
  },
  "canary-stream.read": {
    "data": {
      "74": 9000,
      "75": 10000,
      "76": 9000,
      "77": 8000,
      "78": 10000,
      "79": 11000,
      "80": 12000,
      "81": 11000,
      "82": 13000,
      "83": 9000,
      "84": 15000,
      "87": 10000,
      "88": 10000,
      "89": 13000,
      "90": 12000,
      "91": 60000,
      "92": 12000,
      "93": 11000
    },
    "mean": 13611.111111111111,
    "median": 11000.0,
    "variance": 129459876.54320993,
    "standard_deviation": 11378.04361668604,
    "percentile_50": 11000.0,
    "percentile_75": 12000.0,
    "percentile_90": 13600.000000000002,
    "percentile_95": 21749.999999999935,
    "percentile_99": 52349.99999999992
  }
}