{
  "canary-read-schema": {
    "data": {
      "74": 6000,
      "75": 8000,
      "76": 32000,
      "77": 27000,
      "78": 25000,
      "79": 28000,
      "80": 27000,
      "81": 27000
    },
    "mean": 22500.0,
    "median": 27000.0,
    "variance": 83750000.0,
    "standard_deviation": 9151.502608861563,
    "percentile_50": 27000.0,
    "percentile_75": 27250.0,
    "percentile_90": 29200.0,
    "percentile_95": 30599.999999999996,
    "percentile_99": 31720.0
  },
  "canary-stream-batch.read": {
    "data": {
      "74": 13000,
      "75": 9000,
      "76": 109000,
      "77": 117000,
      "78": 111000,
      "79": 113000,
      "80": 112000,
      "81": 113000
    },
    "mean": 87125.0,
    "median": 111500.0,
    "variance": 1937109375.0,
    "standard_deviation": 44012.60472864563,
    "percentile_50": 111500.0,
    "percentile_75": 113000.0,
    "percentile_90": 114200.0,
    "percentile_95": 115600.0,
    "percentile_99": 116720.0
  },
  "canary-stream-batch.write": {
    "data": {
      "74": 6000,
      "75": 7000,
      "76": 25000,
      "77": 25000,
      "78": 26000,
      "79": 23000,
      "80": 24000,
      "81": 24000
    },
    "mean": 20000.0,
    "median": 24000.0,
    "variance": 61500000.0,
    "standard_deviation": 7842.193570679061,
    "percentile_50": 24000.0,
    "percentile_75": 25000.0,
    "percentile_90": 25300.0,
    "percentile_95": 25650.0,
    "percentile_99": 25930.0
  },
  "canary-stream-seq.read": {
    "data": {
      "74": 9000,
      "75": 57000,
      "76": 9000,
      "77": 8000,
      "78": 13000,
      "79": 9000,
      "80": 11000,
      "81": 11000
    },
    "mean": 15875.0,
    "median": 10000.0,
    "variance": 243859375.0,
    "standard_deviation": 15615.997406505932,
    "percentile_50": 10000.0,
    "percentile_75": 11500.0,
    "percentile_90": 26199.999999999993,
    "percentile_95": 41599.99999999998,
    "percentile_99": 53919.999999999985
  },
  "canary-stream-seq.write": {
    "data": {
      "74": 5000,
      "75": 6000,
      "76": 6000,
      "77": 7000,
      "78": 6000,
      "79": 7000,
      "80": 7000,
      "81": 7000
    },
    "mean": 6375.0,
    "median": 6500.0,
    "variance": 484375.0,
    "standard_deviation": 695.9705453537528,
    "percentile_50": 6500.0,
    "percentile_75": 7000.0,
    "percentile_90": 7000.0,
    "percentile_95": 7000.0,
    "percentile_99": 7000.0
  },
  "canary-stream.read": {
    "data": {
      "74": 9000,
      "75": 10000,
      "76": 9000,
      "77": 8000,
      "78": 10000,
      "79": 11000,
      "80": 12000,
      "81": 11000
    },
    "mean": 10000.0,
    "median": 10000.0,
    "variance": 1500000.0,
    "standard_deviation": 1224.744871391589,
    "percentile_50": 10000.0,
    "percentile_75": 11000.0,
    "percentile_90": 11300.0,
    "percentile_95": 11650.0,
    "percentile_99": 11930.0
  }
}