{
  "canary-read-schema": {
    "data": {
      "74": 6000,
      "75": 8000,
      "76": 32000,
      "77": 27000,
      "78": 25000,
      "79": 28000,
      "80": 27000,
      "81": 27000,
      "82": 32000
    },
    "mean": 23555.555555555555,
    "median": 27000.0,
    "variance": 83358024.69135803,
    "standard_deviation": 9130.061592966284,
    "percentile_50": 27000.0,
    "percentile_75": 28000.0,
    "percentile_90": 32000.0,
    "percentile_95": 32000.0,
    "percentile_99": 32000.0
  },
  "canary-stream-batch.read": {
    "data": {
      "74": 13000,
      "75": 9000,
      "76": 109000,
      "77": 117000,
      "78": 111000,
      "79": 113000,
      "80": 112000,
      "81": 113000,
      "82": 115000
    },
    "mean": 90222.22222222222,
    "median": 112000.0,
    "variance": 1798617283.9506173,
    "standard_deviation": 42410.10827562949,
    "percentile_50": 112000.0,
    "percentile_75": 113000.0,
    "percentile_90": 115400.0,
    "percentile_95": 116200.0,
    "percentile_99": 116840.0
  },
  "canary-stream-batch.write": {
    "data": {
      "74": 6000,
      "75": 7000,
      "76": 25000,
      "77": 25000,
      "78": 26000,
      "79": 23000,
      "80": 24000,
      "81": 24000,
      "82": 24000
    },
    "mean": 20444.444444444445,
    "median": 24000.0,
    "variance": 56246913.58024691,
    "standard_deviation": 7499.794235860535,
    "percentile_50": 24000.0,
    "percentile_75": 25000.0,
    "percentile_90": 25200.0,
    "percentile_95": 25600.0,
    "percentile_99": 25920.0
  },
  "canary-stream-seq.read": {
    "data": {
      "74": 9000,
      "75": 57000,
      "76": 9000,
      "77": 8000,
      "78": 13000,
      "79": 9000,
      "80": 11000,
      "81": 11000,
      "82": 15000
    },
    "mean": 15777.777777777777,
    "median": 11000.0,
    "variance": 216839506.17283946,
    "standard_deviation": 14725.471339581612,
    "percentile_50": 11000.0,
    "percentile_75": 13000.0,
    "percentile_90": 23400.000000000007,
    "percentile_95": 40199.999999999985,
    "percentile_99": 53640.0
  },
  "canary-stream-seq.write": {
    "data": {
      "74": 5000,
      "75": 6000,
      "76": 6000,
      "77": 7000,
      "78": 6000,
      "79": 7000,
      "80": 7000,
      "81": 7000,
      "82": 9000
    },
    "mean": 6666.666666666667,
    "median": 7000.0,
    "variance": 1111111.111111111,
    "standard_deviation": 1054.0925533894597,
    "percentile_50": 7000.0,
    "percentile_75": 7000.0,
    "percentile_90": 7400.0,
    "percentile_95": 8200.0,
    "percentile_99": 8840.0
  },
  "canary-stream.read": {
    "data": {
      "74": 9000,
      "75": 10000,
      "76": 9000,
      "77": 8000,
      "78": 10000,
      "79": 11000,
      "80": 12000,
      "81": 11000,
      "82": 13000
    },
    "mean": 10333.333333333334,
    "median": 10000.0,
    "variance": 2222222.222222222,
    "standard_deviation": 1490.7119849998596,
    "percentile_50": 10000.0,
    "percentile_75": 11000.0,
    "percentile_90": 12200.0,
    "percentile_95": 12600.0,
    "percentile_99": 12920.0
  }
}