{
  "canary-read-schema": {
    "data": {
      "74": 6000,
      "75": 8000,
      "76": 32000,
      "77": 27000,
      "78": 25000,
      "79": 28000,
      "80": 27000,
      "81": 27000,
      "82": 32000,
      "83": 28000,
      "84": 6000,
      "87": 27000,
      "88": 28000,
      "89": 28000
    },
    "mean": 23500.0,
    "median": 27000.0,
    "variance": 80678571.42857143,
    "standard_deviation": 8982.125106486295,
    "percentile_50": 27000.0,
    "percentile_75": 28000.0,
    "percentile_90": 30800.000000000004,
    "percentile_95": 32000.0,
    "percentile_99": 32000.0
  },
  "canary-stream-batch.read": {
    "data": {
      "74": 13000,
      "75": 9000,
      "76": 109000,
      "77": 117000,
      "78": 111000,
      "79": 113000,
      "80": 112000,
      "81": 113000,
      "82": 115000,
      "83": 113000,
      "84": 20000,
      "87": 118000,
      "88": 117000,
      "89": 113000
    },
    "mean": 92357.14285714286,
    "median": 113000.0,
    "variance": 1684372448.9795918,
    "standard_deviation": 41041.106819621615,
    "percentile_50": 113000.0,
    "percentile_75": 114500.0,
    "percentile_90": 117000.0,
    "percentile_95": 117350.0,
    "percentile_99": 117870.0
  },
  "canary-stream-batch.write": {
    "data": {
      "74": 6000,
      "75": 7000,
      "76": 25000,
      "77": 25000,
      "78": 26000,
      "79": 23000,
      "80": 24000,
      "81": 24000,
      "82": 24000,
      "83": 24000,
      "84": 6000,
      "87": 23000,
      "88": 23000,
      "89": 25000
    },
    "mean": 20357.14285714286,
    "median": 24000.0,
    "variance": 54372448.97959183,
    "standard_deviation": 7373.76762446389,
    "percentile_50": 24000.0,
    "percentile_75": 24750.0,
    "percentile_90": 25000.0,
    "percentile_95": 25350.0,
    "percentile_99": 25870.0
  },
  "canary-stream-seq.read": {
    "data": {
      "74": 9000,
      "75": 57000,
      "76": 9000,
      "77": 8000,
      "78": 13000,
      "79": 9000,
      "80": 11000,
      "81": 11000,
      "82": 15000,
      "83": 7000,
      "84": 9000,
      "87": 14000,
      "88": 12000,
      "89": 12000
    },
    "mean": 14000.0,
    "median": 11000.0,
    "variance": 147285714.2857143,
    "standard_deviation": 12136.132591798521,
    "percentile_50": 11000.0,
    "percentile_75": 12750.0,
    "percentile_90": 14700.000000000002,
    "percentile_95": 29699.999999999985,
    "percentile_99": 51539.99999999996
  },
  "canary-stream-seq.write": {
    "data": {
      "74": 5000,
      "75": 6000,
      "76": 6000,
      "77": 7000,
      "78": 6000,
      "79": 7000,
      "80": 7000,
      "81": 7000,
      "82": 9000,
      "83": 7000,
      "84": 6000,
      "87": 6000,
      "88": 7000,
      "89": 9000
    },
    "mean": 6785.714285714285,
    "median": 7000.0,
    "variance": 1168367.3469387754,
    "standard_deviation": 1080.9104250301111,
    "percentile_50": 7000.0,
    "percentile_75": 7000.0,
    "percentile_90": 8400.000000000002,
    "percentile_95": 9000.0,
    "percentile_99": 9000.0
  },
  "canary-stream.read": {
    "data": {
      "74": 9000,
      "75": 10000,
      "76": 9000,
      "77": 8000,
      "78": 10000,
      "79": 11000,
      "80": 12000,
      "81": 11000,
      "82": 13000,
      "83": 9000,
      "84": 15000,
      "87": 10000,
      "88": 10000,
      "89": 13000
    },
    "mean": 10714.285714285714,
    "median": 10000.0,
    "variance": 3489795.9183673463,
    "standard_deviation": 1868.099547231717,
    "percentile_50": 10000.0,
    "percentile_75": 11750.0,
    "percentile_90": 13000.0,
    "percentile_95": 13700.0,
    "percentile_99": 14739.999999999998
  }
}