{
  "canary-read-schema": {
    "data": {
      "74": 6000,
      "75": 8000,
      "76": 32000,
      "77": 27000,
      "78": 25000,
      "79": 28000,
      "80": 27000,
      "81": 27000,
      "82": 32000,
      "83": 28000
    },
    "mean": 24000.0,
    "median": 27000.0,
    "variance": 76800000.0,
    "standard_deviation": 8763.560920082658,
    "percentile_50": 27000.0,
    "percentile_75": 28000.0,
    "percentile_90": 32000.0,
    "percentile_95": 32000.0,
    "percentile_99": 32000.0
  },
  "canary-stream-batch.read": {
    "data": {
      "74": 13000,
      "75": 9000,
      "76": 109000,
      "77": 117000,
      "78": 111000,
      "79": 113000,
      "80": 112000,
      "81": 113000,
      "82": 115000,
      "83": 113000
    },
    "mean": 92500.0,
    "median": 112500.0,
    "variance": 1665450000.0,
    "standard_deviation": 40809.925263347395,
    "percentile_50": 112500.0,
    "percentile_75": 113000.0,
    "percentile_90": 115200.0,
    "percentile_95": 116100.0,
    "percentile_99": 116820.0
  },
  "canary-stream-batch.write": {
    "data": {
      "74": 6000,
      "75": 7000,
      "76": 25000,
      "77": 25000,
      "78": 26000,
      "79": 23000,
      "80": 24000,
      "81": 24000,
      "82": 24000,
      "83": 24000
    },
    "mean": 20800.0,
    "median": 24000.0,
    "variance": 51760000.0,
    "standard_deviation": 7194.442299441979,
    "percentile_50": 24000.0,
    "percentile_75": 24750.0,
    "percentile_90": 25100.0,
    "percentile_95": 25550.0,
    "percentile_99": 25910.0
  },
  "canary-stream-seq.read": {
    "data": {
      "74": 9000,
      "75": 57000,
      "76": 9000,
      "77": 8000,
      "78": 13000,
      "79": 9000,
      "80": 11000,
      "81": 11000,
      "82": 15000,
      "83": 7000
    },
    "mean": 14900.0,
    "median": 10000.0,
    "variance": 202090000.0,
    "standard_deviation": 14215.836239912163,
    "percentile_50": 10000.0,
    "percentile_75": 12500.0,
    "percentile_90": 19199.999999999985,
    "percentile_95": 38099.999999999956,
    "percentile_99": 53220.00000000001
  },
  "canary-stream-seq.write": {
    "data": {
      "74": 5000,
      "75": 6000,
      "76": 6000,
      "77": 7000,
      "78": 6000,
      "79": 7000,
      "80": 7000,
      "81": 7000,
      "82": 9000,
      "83": 7000
    },
    "mean": 6700.0,
    "median": 7000.0,
    "variance": 1010000.0,
    "standard_deviation": 1004.987562112089,
    "percentile_50": 7000.0,
    "percentile_75": 7000.0,
    "percentile_90": 7199.999999999999,
    "percentile_95": 8099.999999999998,
    "percentile_99": 8820.0
  },
  "canary-stream.read": {
    "data": {
      "74": 9000,
      "75": 10000,
      "76": 9000,
      "77": 8000,
      "78": 10000,
      "79": 11000,
      "80": 12000,
      "81": 11000,
      "82": 13000,
      "83": 9000
    },
    "mean": 10200.0,
    "median": 10000.0,
    "variance": 2160000.0,
    "standard_deviation": 1469.6938456699068,
    "percentile_50": 10000.0,
    "percentile_75": 11000.0,
    "percentile_90": 12100.0,
    "percentile_95": 12549.999999999998,
    "percentile_99": 12910.0
  }
}