{
  "canary-read-schema": {
    "data": {
      "74": 6000,
      "75": 8000,
      "76": 32000,
      "77": 27000,
      "78": 25000,
      "79": 28000,
      "80": 27000,
      "81": 27000,
      "82": 32000,
      "83": 28000,
      "84": 6000,
      "87": 27000,
      "88": 28000
    },
    "mean": 23153.846153846152,
    "median": 27000.0,
    "variance": 85207100.59171598,
    "standard_deviation": 9230.76923076923,
    "percentile_50": 27000.0,
    "percentile_75": 28000.0,
    "percentile_90": 31200.000000000004,
    "percentile_95": 32000.0,
    "percentile_99": 32000.0
  },
  "canary-stream-batch.read": {
    "data": {
      "74": 13000,
      "75": 9000,
      "76": 109000,
      "77": 117000,
      "78": 111000,
      "79": 113000,
      "80": 112000,
      "81": 113000,
      "82": 115000,
      "83": 113000,
      "84": 20000,
      "87": 118000,
      "88": 117000
    },
    "mean": 90769.23076923077,
    "median": 113000.0,
    "variance": 1778639053.2544382,
    "standard_deviation": 42173.91436960101,
    "percentile_50": 113000.0,
    "percentile_75": 115000.0,
    "percentile_90": 117000.0,
    "percentile_95": 117400.0,
    "percentile_99": 117880.0
  },
  "canary-stream-batch.write": {
    "data": {
      "74": 6000,
      "75": 7000,
      "76": 25000,
      "77": 25000,
      "78": 26000,
      "79": 23000,
      "80": 24000,
      "81": 24000,
      "82": 24000,
      "83": 24000,
      "84": 6000,
      "87": 23000,
      "88": 23000
    },
    "mean": 20000.0,
    "median": 24000.0,
    "variance": 56769230.76923077,
    "standard_deviation": 7534.535869529773,
    "percentile_50": 24000.0,
    "percentile_75": 24000.0,
    "percentile_90": 25000.0,
    "percentile_95": 25400.0,
    "percentile_99": 25880.0
  },
  "canary-stream-seq.read": {
    "data": {
      "74": 9000,
      "75": 57000,
      "76": 9000,
      "77": 8000,
      "78": 13000,
      "79": 9000,
      "80": 11000,
      "81": 11000,
      "82": 15000,
      "83": 7000,
      "84": 9000,
      "87": 14000,
      "88": 12000
    },
    "mean": 14153.846153846154,
    "median": 11000.0,
    "variance": 158284023.66863906,
    "standard_deviation": 12581.097872150867,
    "percentile_50": 11000.0,
    "percentile_75": 13000.0,
    "percentile_90": 14800.0,
    "percentile_95": 31799.99999999994,
    "percentile_99": 51959.999999999956
  },
  "canary-stream-seq.write": {
    "data": {
      "74": 5000,
      "75": 6000,
      "76": 6000,
      "77": 7000,
      "78": 6000,
      "79": 7000,
      "80": 7000,
      "81": 7000,
      "82": 9000,
      "83": 7000,
      "84": 6000,
      "87": 6000,
      "88": 7000
    },
    "mean": 6615.384615384615,
    "median": 7000.0,
    "variance": 852071.0059171596,
    "standard_deviation": 923.076923076923,
    "percentile_50": 7000.0,
    "percentile_75": 7000.0,
    "percentile_90": 7000.0,
    "percentile_95": 7799.999999999997,
    "percentile_99": 8759.999999999998
  },
  "canary-stream.read": {
    "data": {
      "74": 9000,
      "75": 10000,
      "76": 9000,
      "77": 8000,
      "78": 10000,
      "79": 11000,
      "80": 12000,
      "81": 11000,
      "82": 13000,
      "83": 9000,
      "84": 15000,
      "87": 10000,
      "88": 10000
    },
    "mean": 10538.461538461539,
    "median": 10000.0,
    "variance": 3325443.7869822485,
    "standard_deviation": 1823.5799370968766,
    "percentile_50": 10000.0,
    "percentile_75": 11000.0,
    "percentile_90": 12800.0,
    "percentile_95": 13799.999999999996,
    "percentile_99": 14759.999999999998
  }
}