{
  "canary-read-schema": {
    "data": {
      "74": 6000,
      "75": 8000,
      "76": 32000,
      "77": 27000,
      "78": 25000,
      "79": 28000,
      "80": 27000,
      "81": 27000,
      "82": 32000,
      "83": 28000,
      "84": 6000,
      "87": 27000
    },
    "mean": 22750.0,
    "median": 27000.0,
    "variance": 90187500.0,
    "standard_deviation": 9496.70995661129,
    "percentile_50": 27000.0,
    "percentile_75": 28000.0,
    "percentile_90": 31600.0,
    "percentile_95": 32000.0,
    "percentile_99": 32000.0
  },
  "canary-stream-batch.read": {
    "data": {
      "74": 13000,
      "75": 9000,
      "76": 109000,
      "77": 117000,
      "78": 111000,
      "79": 113000,
      "80": 112000,
      "81": 113000,
      "82": 115000,
      "83": 113000,
      "84": 20000,
      "87": 118000
    },
    "mean": 88583.33333333333,
    "median": 112500.0,
    "variance": 1864743055.5555556,
    "standard_deviation": 43182.67077839855,
    "percentile_50": 112500.0,
    "percentile_75": 113500.0,
    "percentile_90": 116800.0,
    "percentile_95": 117450.0,
    "percentile_99": 117890.0
  },
  "canary-stream-batch.write": {
    "data": {
      "74": 6000,
      "75": 7000,
      "76": 25000,
      "77": 25000,
      "78": 26000,
      "79": 23000,
      "80": 24000,
      "81": 24000,
      "82": 24000,
      "83": 24000,
      "84": 6000,
      "87": 23000
    },
    "mean": 19750.0,
    "median": 24000.0,
    "variance": 60687500.0,
    "standard_deviation": 7790.218225441441,
    "percentile_50": 24000.0,
    "percentile_75": 24250.0,
    "percentile_90": 25000.0,
    "percentile_95": 25450.0,
    "percentile_99": 25890.0
  },
  "canary-stream-seq.read": {
    "data": {
      "74": 9000,
      "75": 57000,
      "76": 9000,
      "77": 8000,
      "78": 13000,
      "79": 9000,
      "80": 11000,
      "81": 11000,
      "82": 15000,
      "83": 7000,
      "84": 9000,
      "87": 14000
    },
    "mean": 14333.333333333334,
    "median": 10000.0,
    "variance": 171055555.55555552,
    "standard_deviation": 13078.820877875633,
    "percentile_50": 10000.0,
    "percentile_75": 13250.0,
    "percentile_90": 14900.0,
    "percentile_95": 33899.99999999997,
    "percentile_99": 52380.00000000002
  },
  "canary-stream-seq.write": {
    "data": {
      "74": 5000,
      "75": 6000,
      "76": 6000,
      "77": 7000,
      "78": 6000,
      "79": 7000,
      "80": 7000,
      "81": 7000,
      "82": 9000,
      "83": 7000,
      "84": 6000,
      "87": 6000
    },
    "mean": 6583.333333333333,
    "median": 6500.0,
    "variance": 909722.2222222224,
    "standard_deviation": 953.7935951882998,
    "percentile_50": 6500.0,
    "percentile_75": 7000.0,
    "percentile_90": 7000.0,
    "percentile_95": 7899.999999999998,
    "percentile_99": 8780.000000000002
  },
  "canary-stream.read": {
    "data": {
      "74": 9000,
      "75": 10000,
      "76": 9000,
      "77": 8000,
      "78": 10000,
      "79": 11000,
      "80": 12000,
      "81": 11000,
      "82": 13000,
      "83": 9000,
      "84": 15000,
      "87": 10000
    },
    "mean": 10583.333333333334,
    "median": 10000.0,
    "variance": 3576388.8888888885,
    "standard_deviation": 1891.1342863183695,
    "percentile_50": 10000.0,
    "percentile_75": 11250.0,
    "percentile_90": 12900.0,
    "percentile_95": 13899.999999999998,
    "percentile_99": 14780.000000000002
  }
}